{"coverage": 93.91304347826087, "raw_data": {"meta": {"format": 3, "version": "7.13.1", "timestamp": "2026-04-01T06:59:26.507546", "branch_coverage": true, "show_contexts": false}, "files": {"src/haystack_integrations/components/converters/unstructured/converter.py": {"executed_lines": [4, 5, 6, 7, 8, 10, 11, 12, 13, 15, 16, 18, 20, 23, 24, 47, 78, 79, 80, 81, 82, 83, 85, 88, 89, 90, 94, 96, 104, 114, 115, 124, 125, 127, 128, 150, 151, 152, 155, 156, 160, 162, 164, 165, 167, 172, 173, 180, 181, 183, 184, 194, 196, 197, 198, 199, 200, 202, 203, 204, 205, 206, 207, 208, 209, 210, 212, 213, 215, 217, 218, 219, 220, 221, 222, 223, 224, 225, 226, 227, 228, 230, 234, 236, 237, 238, 240, 241, 249], "summary": {"covered_lines": 89, "num_statements": 91, "percent_covered": 93.91304347826087, "percent_covered_display": "94", "missing_lines": 2, "excluded_lines": 0, "percent_statements_covered": 97.8021978021978, "percent_statements_covered_display": "98", "num_branches": 24, "num_partial_branches": 5, "covered_branches": 19, "missing_branches": 5, "percent_branches_covered": 79.16666666666667, "percent_branches_covered_display": "79"}, "missing_lines": [247, 248], "excluded_lines": [], "executed_branches": [[89, -47], [89, 90], [155, 156], [155, 162], [167, 172], [167, 181], [196, 197], [196, 202], [202, 203], [202, 217], [205, 206], [205, 215], [208, 209], [217, 218], [218, 219], [218, 228], [222, 223], [224, 225], [237, 238]], "missing_branches": [[208, 210], [217, 228], [222, 224], [224, 226], [237, 240]], "functions": {"UnstructuredFileConverter.__init__": {"executed_lines": [78, 79, 80, 81, 82, 83, 85, 88, 89, 90, 94], "summary": {"covered_lines": 11, "num_statements": 11, "percent_covered": 100.0, "percent_covered_display": "100", "missing_lines": 0, "excluded_lines": 0, "percent_statements_covered": 100.0, "percent_statements_covered_display": "100", "num_branches": 2, "num_partial_branches": 0, "covered_branches": 2, "missing_branches": 0, "percent_branches_covered": 100.0, "percent_branches_covered_display": "100"}, "missing_lines": [], "excluded_lines": [], "start_line": 47, "executed_branches": [[89, -47], [89, 90]], "missing_branches": []}, "UnstructuredFileConverter.to_dict": {"executed_lines": [104], "summary": {"covered_lines": 1, "num_statements": 1, "percent_covered": 100.0, "percent_covered_display": "100", "missing_lines": 0, "excluded_lines": 0, "percent_statements_covered": 100.0, "percent_statements_covered_display": "100", "num_branches": 0, "num_partial_branches": 0, "covered_branches": 0, "missing_branches": 0, "percent_branches_covered": 100.0, "percent_branches_covered_display": "100"}, "missing_lines": [], "excluded_lines": [], "start_line": 96, "executed_branches": [], "missing_branches": []}, "UnstructuredFileConverter.from_dict": {"executed_lines": [124, 125], "summary": {"covered_lines": 2, "num_statements": 2, "percent_covered": 100.0, "percent_covered_display": "100", "missing_lines": 0, "excluded_lines": 0, "percent_statements_covered": 100.0, "percent_statements_covered_display": "100", "num_branches": 0, "num_partial_branches": 0, "covered_branches": 0, "missing_branches": 0, "percent_branches_covered": 100.0, "percent_branches_covered_display": "100"}, "missing_lines": [], "excluded_lines": [], "start_line": 115, "executed_branches": [], "missing_branches": []}, "UnstructuredFileConverter.run": {"executed_lines": [150, 151, 152, 155, 156, 160, 162, 164, 165, 167, 172, 173, 180, 181], "summary": {"covered_lines": 14, "num_statements": 14, "percent_covered": 100.0, "percent_covered_display": "100", "missing_lines": 0, "excluded_lines": 0, "percent_statements_covered": 100.0, "percent_statements_covered_display": "100", "num_branches": 4, "num_partial_branches": 0, "covered_branches": 4, "missing_branches": 0, "percent_branches_covered": 100.0, "percent_branches_covered_display": "100"}, "missing_lines": [], "excluded_lines": [], "start_line": 128, "executed_branches": [[155, 156], [155, 162], [167, 172], [167, 181]], "missing_branches": []}, "UnstructuredFileConverter._create_documents": {"executed_lines": [194, 196, 197, 198, 199, 200, 202, 203, 204, 205, 206, 207, 208, 209, 210, 212, 213, 215, 217, 218, 219, 220, 221, 222, 223, 224, 225, 226, 227, 228], "summary": {"covered_lines": 30, "num_statements": 30, "percent_covered": 91.30434782608695, "percent_covered_display": "91", "missing_lines": 0, "excluded_lines": 0, "percent_statements_covered": 100.0, "percent_statements_covered_display": "100", "num_branches": 16, "num_partial_branches": 4, "covered_branches": 12, "missing_branches": 4, "percent_branches_covered": 75.0, "percent_branches_covered_display": "75"}, "missing_lines": [], "excluded_lines": [], "start_line": 184, "executed_branches": [[196, 197], [196, 202], [202, 203], [202, 217], [205, 206], [205, 215], [208, 209], [217, 218], [218, 219], [218, 228], [222, 223], [224, 225]], "missing_branches": [[208, 210], [217, 228], [222, 224], [224, 226]]}, "UnstructuredFileConverter._partition_file_into_elements": {"executed_lines": [234, 236, 237, 238, 240, 241, 249], "summary": {"covered_lines": 7, "num_statements": 9, "percent_covered": 72.72727272727273, "percent_covered_display": "73", "missing_lines": 2, "excluded_lines": 0, "percent_statements_covered": 77.77777777777777, "percent_statements_covered_display": "78", "num_branches": 2, "num_partial_branches": 1, "covered_branches": 1, "missing_branches": 1, "percent_branches_covered": 50.0, "percent_branches_covered_display": "50"}, "missing_lines": [247, 248], "excluded_lines": [], "start_line": 230, "executed_branches": [[237, 238]], "missing_branches": [[237, 240]]}, "": {"executed_lines": [4, 5, 6, 7, 8, 10, 11, 12, 13, 15, 16, 18, 20, 23, 24, 47, 96, 114, 115, 127, 128, 183, 184, 230], "summary": {"covered_lines": 24, "num_statements": 24, "percent_covered": 100.0, "percent_covered_display": "100", "missing_lines": 0, "excluded_lines": 0, "percent_statements_covered": 100.0, "percent_statements_covered_display": "100", "num_branches": 0, "num_partial_branches": 0, "covered_branches": 0, "missing_branches": 0, "percent_branches_covered": 100.0, "percent_branches_covered_display": "100"}, "missing_lines": [], "excluded_lines": [], "start_line": 1, "executed_branches": [], "missing_branches": []}}, "classes": {"UnstructuredFileConverter": {"executed_lines": [78, 79, 80, 81, 82, 83, 85, 88, 89, 90, 94, 104, 124, 125, 150, 151, 152, 155, 156, 160, 162, 164, 165, 167, 172, 173, 180, 181, 194, 196, 197, 198, 199, 200, 202, 203, 204, 205, 206, 207, 208, 209, 210, 212, 213, 215, 217, 218, 219, 220, 221, 222, 223, 224, 225, 226, 227, 228, 234, 236, 237, 238, 240, 241, 249], "summary": {"covered_lines": 65, "num_statements": 67, "percent_covered": 92.3076923076923, "percent_covered_display": "92", "missing_lines": 2, "excluded_lines": 0, "percent_statements_covered": 97.01492537313433, "percent_statements_covered_display": "97", "num_branches": 24, "num_partial_branches": 5, "covered_branches": 19, "missing_branches": 5, "percent_branches_covered": 79.16666666666667, "percent_branches_covered_display": "79"}, "missing_lines": [247, 248], "excluded_lines": [], "start_line": 24, "executed_branches": [[89, -47], [89, 90], [155, 156], [155, 162], [167, 172], [167, 181], [196, 197], [196, 202], [202, 203], [202, 217], [205, 206], [205, 215], [208, 209], [217, 218], [218, 219], [218, 228], [222, 223], [224, 225], [237, 238]], "missing_branches": [[208, 210], [217, 228], [222, 224], [224, 226], [237, 240]]}, "": {"executed_lines": [4, 5, 6, 7, 8, 10, 11, 12, 13, 15, 16, 18, 20, 23, 24, 47, 96, 114, 115, 127, 128, 183, 184, 230], "summary": {"covered_lines": 24, "num_statements": 24, "percent_covered": 100.0, "percent_covered_display": "100", "missing_lines": 0, "excluded_lines": 0, "percent_statements_covered": 100.0, "percent_statements_covered_display": "100", "num_branches": 0, "num_partial_branches": 0, "covered_branches": 0, "missing_branches": 0,