{"coverage": 69.96805111821087, "raw_data": {"meta": {"format": 3, "version": "7.13.1", "timestamp": "2026-04-01T06:55:19.562739", "branch_coverage": true, "show_contexts": false}, "files": {"src/haystack_integrations/components/converters/paddleocr/paddleocr_vl_document_converter.py": {"executed_lines": [4, 5, 6, 8, 9, 10, 14, 15, 16, 19, 22, 24, 27, 30, 40, 43, 59, 62, 63, 65, 66, 69, 70, 71, 73, 74, 75, 76, 79, 86, 89, 100, 101, 102, 103, 104, 105, 106, 113, 114, 142, 260, 261, 262, 263, 264, 265, 266, 267, 268, 269, 270, 271, 272, 273, 274, 275, 276, 277, 278, 279, 280, 281, 282, 283, 284, 285, 286, 287, 288, 289, 290, 291, 293, 300, 336, 337, 346, 347, 349, 366, 369, 375, 376, 377, 378, 379, 381, 383, 385, 387, 389, 391, 393, 395, 397, 399, 401, 403, 405, 407, 409, 411, 413, 415, 417, 419, 421, 423, 425, 427, 429, 431, 435, 436, 437, 443, 444, 445, 446, 449, 450, 456, 457, 458, 459, 462, 463, 468, 472, 473, 481, 482, 483, 484, 486, 488, 490, 491, 515, 516, 518, 520, 521, 522, 530, 531, 533, 534, 535, 536, 539, 541, 542, 543, 544, 547, 549, 556, 558, 559, 561, 563], "summary": {"covered_lines": 163, "num_statements": 215, "percent_covered": 69.96805111821087, "percent_covered_display": "70", "missing_lines": 52, "excluded_lines": 0, "percent_statements_covered": 75.81395348837209, "percent_statements_covered_display": "76", "num_branches": 98, "num_partial_branches": 38, "covered_branches": 56, "missing_branches": 42, "percent_branches_covered": 57.142857142857146, "percent_branches_covered_display": "57"}, "missing_lines": [80, 81, 82, 83, 84, 107, 108, 109, 110, 380, 382, 384, 386, 388, 390, 392, 394, 396, 398, 400, 402, 404, 406, 408, 410, 412, 414, 416, 418, 420, 422, 424, 426, 428, 430, 432, 438, 439, 440, 464, 465, 466, 469, 470, 474, 475, 476, 523, 524, 527, 550, 554], "excluded_lines": [], "executed_branches": [[62, 63], [62, 65], [65, 66], [69, 70], [73, 74], [73, 75], [75, 76], [75, 79], [79, 86], [100, 101], [100, 102], [102, 103], [103, 104], [103, 105], [105, 106], [375, 376], [377, 378], [379, 381], [381, 383], [383, 385], [385, 387], [387, 389], [389, 391], [391, 393], [393, 395], [395, 397], [397, 399], [399, 401], [401, 403], [403, 405], [405, 407], [407, 409], [409, 411], [411, 413], [413, 415], [415, 417], [417, 419], [419, 421], [421, 423], [423, 425], [425, 427], [427, 429], [429, 431], [431, 435], [445, 446], [468, 472], [482, 483], [482, 486], [483, 484], [520, 521], [520, 563], [530, 531], [530, 533], [535, 536], [535, 541], [549, 556]], "missing_branches": [[65, 69], [69, 79], [79, 80], [81, 82], [81, 83], [83, 84], [83, 86], [102, 109], [105, 107], [375, 377], [377, 379], [379, 380], [381, 382], [383, 384], [385, 386], [387, 388], [389, 390], [391, 392], [393, 394], [395, 396], [397, 398], [399, 400], [401, 402], [403, 404], [405, 406], [407, 408], [409, 410], [411, 412], [413, 414], [415, 416], [417, 418], [419, 420], [421, 422], [423, 424], [425, 426], [427, 428], [429, 430], [431, 432], [445, 449], [468, 469], [483, 482], [549, 550]], "functions": {"_infer_file_type_from_source": {"executed_lines": [59, 62, 63, 65, 66, 69, 70, 71, 73, 74, 75, 76, 79, 86], "summary": {"covered_lines": 14, "num_statements": 19, "percent_covered": 65.71428571428571, "percent_covered_display": "66", "missing_lines": 5, "excluded_lines": 0, "percent_statements_covered": 73.6842105263158, "percent_statements_covered_display": "74", "num_branches": 16, "num_partial_branches": 3, "covered_branches": 9, "missing_branches": 7, "percent_branches_covered": 56.25, "percent_branches_covered_display": "56"}, "missing_lines": [80, 81, 82, 83, 84], "excluded_lines": [], "start_line": 43, "executed_branches": [[62, 63], [62, 65], [65, 66], [69, 70], [73, 74], [73, 75], [75, 76], [75, 79], [79, 86]], "missing_branches": [[65, 69], [69, 79], [79, 80], [81, 82], [81, 83], [83, 84], [83, 86]]}, "_normalize_file_type": {"executed_lines": [100, 101, 102, 103, 104, 105, 106], "summary": {"covered_lines": 7, "num_statements": 11, "percent_covered": 68.42105263157895, "percent_covered_display": "68", "missing_lines": 4, "excluded_lines": 0, "percent_statements_covered": 63.63636363636363, "percent_statements_covered_display": "64", "num_branches": 8, "num_partial_branches": 2, "covered_branches": 6, "missing_branches": 2, "percent_branches_covered": 75.0, "percent_branches_covered_display": "75"}, "missing_lines": [107, 108, 109, 110], "excluded_lines": [], "start_line": 89, "executed_branches": [[100, 101], [100, 102], [102, 103], [103, 104], [103, 105], [105, 106]], "missing_branches": [[102, 109], [105, 107]]}, "PaddleOCRVLDocumentConverter.__init__": {"executed_lines": [260, 261, 262, 263, 264, 265, 266, 267, 268, 269, 270, 271, 272, 273, 274, 275, 276, 277, 278, 279, 280, 281, 282, 283, 284, 285, 286, 287, 288, 289, 290, 291], "summary": {"covered_lines": 32, "num_statements": 32, "percent_covered": 100.0, "percent_covered_display": "100", "missing_lines": 0, "excluded_lines": 0, "percent_statements_covered": 100.0, "percent_statements_covered_display": "100", "num_branches": 0, "num_partial_branches": 0, "covered_branches": 0, "missing_branches": 0, "percent_branches_covered": 100.0, "percent_branches_covered_display": "100"}, "missing_lines": [], "excluded_lines": [], "start_line": 142, "executed_branches": [], "missing_branches": []}, "PaddleOCRVLDocumentConverter.to_dict": {"executed_lines": [300], "summary": {"covered_lines": 1, "num_statements": 1, "percent_covered": 100.0, "percent_covered_display": "100", "missing_lines": 0, "excluded_lines": 0, "percent_statements_covered": 100.0, "percent_statements_covered_display": "100", "num_branches": 0, "num_partial_branches": 0, "covered_branches": 0, "missing_branches": 0, "percent_branches_covered": 100.0, "percent_branches_covered_display": "100"}, "missing_lines": [], "excluded_lines": [], "start_line": 293, "executed_branches": [], "missing_branches": []}, "PaddleOCRVLDocumentConverter.from_dict": {"executed_lines": [346, 347], "summary": {"covered_lines": 2, "num_statements": 2, "percent_covered": 100.0, "percent_covered_display": "100", "missing_lines": 0, "excluded_lines": 0, "percent_statements_covered": 100.0, "percent_statements_covered_display": "100", "num_branches": 0, "num_partial_branches": 0, "covered_branches": 0, "missing_branches": 0, "percent_branches_covered": 100.0, "percent_branches_covered_display": "100"}, "missing_lines": [], "excluded_lines": [], "start_line": 337, "executed_branches": [], "missing_branches": []}, "PaddleOCRVLDocumentConverter._parse": {"executed_lines": [366, 369, 375, 376, 377, 378, 379, 381, 383, 385, 387, 389, 391, 393, 395, 397, 399, 401, 403, 405, 407, 409, 411, 413, 415, 417, 419, 421, 423, 425, 427, 429, 431, 435, 436, 437, 443, 444, 445, 446, 449, 450, 456, 457, 458, 459, 462, 463, 468, 472, 473, 481, 482, 483, 484, 486, 488], "summary": {"covered_lines": 57, "num_statements": 95, "percent_covered": 56.52173913043478, "percent_covered_display": "57", "missing_lines": 38, "excluded_lines": 0, "percent_statements_covered": 60.0, "percent_statements_covered_display": "60", "num_branches": 66, "num_partial_branches": 32, "covered_branches": 34, "missing_branches": 32, "percent_branches_covered": 51.515151515151516, "percent_branches_covered_display": "52"}, "missing_lines": [380, 382, 384, 386, 388, 390, 392, 394, 396, 398, 400, 402, 404, 406, 408, 410, 412, 414, 416, 418, 420, 422, 424, 426, 428, 430, 432, 438, 439, 440, 464, 465, 466, 469, 470, 474, 475, 476], "excluded_lines": [], "start_line": 349, "executed_branches": [[375, 376], [377, 378], [379, 381], [381, 383], [383, 385], [385, 387], [387, 389], [389, 391], [391, 393], [393, 395], [395, 397], [397, 399], [399, 401], [401, 403], [403, 405], [405, 407], [407, 409], [409, 411], [411, 413], [413, 415], [415, 417], [417, 419], [419, 421], [421, 423], [423, 425], [425, 427], [427, 429], [429, 431], [431, 435], [445, 446], [468, 472], [482, 483], [482, 486], [483, 484]],