{"coverage": 93.7888198757764, "raw_data": {"meta": {"format": 3, "version": "7.13.5", "timestamp": "2026-04-21T13:32:07.226457", "branch_coverage": true, "show_contexts": false}, "files": {"src/haystack_integrations/components/generators/dspy/chat/chat_generator.py": {"executed_lines": [1, 2, 4, 5, 6, 8, 11, 20, 21, 22, 23, 26, 34, 39, 40, 41, 42, 45, 46, 79, 108, 109, 110, 112, 113, 114, 115, 116, 117, 118, 119, 121, 127, 128, 129, 131, 133, 134, 135, 136, 137, 139, 140, 142, 143, 145, 149, 151, 153, 154, 155, 156, 158, 159, 161, 162, 163, 164, 165, 166, 167, 168, 170, 171, 180, 181, 182, 184, 185, 192, 193, 195, 196, 198, 199, 200, 201, 203, 204, 206, 208, 218, 220, 221, 223, 225, 226, 227, 229, 231, 232, 246, 247, 248, 250, 251, 253, 255, 256, 257, 258, 259, 261, 262, 264, 265, 281, 282, 283, 285, 286, 288, 290, 294, 296, 297], "summary": {"covered_lines": 116, "num_statements": 121, "percent_covered": 93.7888198757764, "percent_covered_display": "94", "missing_lines": 5, "excluded_lines": 0, "percent_statements_covered": 95.86776859504133, "percent_statements_covered_display": "96", "num_branches": 40, "num_partial_branches": 3, "covered_branches": 35, "missing_branches": 5, "percent_branches_covered": 87.5, "percent_branches_covered_display": "88"}, "missing_lines": [146, 147, 291, 292, 293], "excluded_lines": [], "executed_branches": [[21, 22], [21, 23], [39, 40], [39, 42], [108, 109], [108, 112], [133, 134], [133, 142], [135, 136], [135, 140], [136, 137], [136, 139], [145, 149], [153, 154], [153, 156], [161, 162], [161, 167], [162, 161], [162, 163], [163, 164], [163, 166], [180, 181], [180, 182], [195, 196], [195, 198], [198, 199], [198, 203], [226, 227], [246, 247], [246, 250], [255, 256], [255, 259], [281, 282], [281, 285], [290, 294]], "missing_branches": [[145, 146], [146, 145], [146, 147], [226, 229], [290, 291]], "functions": {"_create_dspy_lm": {"executed_lines": [20, 21, 22, 23], "summary": {"covered_lines": 4, "num_statements": 4, "percent_covered": 100.0, "percent_covered_display": "100", "missing_lines": 0, "excluded_lines": 0, "percent_statements_covered": 100.0, "percent_statements_covered_display": "100", "num_branches": 2, "num_partial_branches": 0, "covered_branches": 2, "missing_branches": 0, "percent_branches_covered": 100.0, "percent_branches_covered_display": "100"}, "missing_lines": [], "excluded_lines": [], "start_line": 11, "executed_branches": [[21, 22], [21, 23]], "missing_branches": []}, "_get_dspy_module_class": {"executed_lines": [34, 39, 40, 41, 42], "summary": {"covered_lines": 5, "num_statements": 5, "percent_covered": 100.0, "percent_covered_display": "100", "missing_lines": 0, "excluded_lines": 0, "percent_statements_covered": 100.0, "percent_statements_covered_display": "100", "num_branches": 2, "num_partial_branches": 0, "covered_branches": 2, "missing_branches": 0, "percent_branches_covered": 100.0, "percent_branches_covered_display": "100"}, "missing_lines": [], "excluded_lines": [], "start_line": 26, "executed_branches": [[39, 40], [39, 42]], "missing_branches": []}, "DSPySignatureChatGenerator.__init__": {"executed_lines": [108, 109, 110, 112, 113, 114, 115, 116, 117, 118, 119, 121, 127, 128, 129], "summary": {"covered_lines": 15, "num_statements": 15, "percent_covered": 100.0, "percent_covered_display": "100", "missing_lines": 0, "excluded_lines": 0, "percent_statements_covered": 100.0, "percent_statements_covered_display": "100", "num_branches": 2, "num_partial_branches": 0, "covered_branches": 2, "missing_branches": 0, "percent_branches_covered": 100.0, "percent_branches_covered_display": "100"}, "missing_lines": [], "excluded_lines": [], "start_line": 79, "executed_branches": [[108, 109], [108, 112]], "missing_branches": []}, "DSPySignatureChatGenerator._build_dspy_inputs": {"executed_lines": [133, 134, 135, 136, 137, 139, 140, 142, 143, 145, 149], "summary": {"covered_lines": 11, "num_statements": 13, "percent_covered": 78.26086956521739, "percent_covered_display": "78", "missing_lines": 2, "excluded_lines": 0, "percent_statements_covered": 84.61538461538461, "percent_statements_covered_display": "85", "num_branches": 10, "num_partial_branches": 1, "covered_branches": 7, "missing_branches": 3, "percent_branches_covered": 70.0, "percent_branches_covered_display": "70"}, "missing_lines": [146, 147], "excluded_lines": [], "start_line": 131, "executed_branches": [[133, 134], [133, 142], [135, 136], [135, 140], [136, 137], [136, 139], [145, 149]], "missing_branches": [[145, 146], [146, 145], [146, 147]]}, "DSPySignatureChatGenerator._get_input_field_names": {"executed_lines": [153, 154, 155, 156], "summary": {"covered_lines": 4, "num_statements": 4, "percent_covered": 100.0, "percent_covered_display": "100", "missing_lines": 0, "excluded_lines": 0, "percent_statements_covered": 100.0, "percent_statements_covered_display": "100", "num_branches": 2, "num_partial_branches": 0, "covered_branches": 2, "missing_branches": 0, "percent_branches_covered": 100.0, "percent_branches_covered_display": "100"}, "missing_lines": [], "excluded_lines": [], "start_line": 151, "executed_branches": [[153, 154], [153, 156]], "missing_branches": []}, "DSPySignatureChatGenerator._extract_last_user_message": {"executed_lines": [161, 162, 163, 164, 165, 166, 167, 168], "summary": {"covered_lines": 8, "num_statements": 8, "percent_covered": 100.0, "percent_covered_display": "100", "missing_lines": 0, "excluded_lines": 0, "percent_statements_covered": 100.0, "percent_statements_covered_display": "100", "num_branches": 6, "num_partial_branches": 0, "covered_branches": 6, "missing_branches": 0, "percent_branches_covered": 100.0, "percent_branches_covered_display": "100"}, "missing_lines": [], "excluded_lines": [], "start_line": 159, "executed_branches": [[161, 162], [161, 167], [162, 161], [162, 163], [163, 164], [163, 166]], "missing_branches": []}, "DSPySignatureChatGenerator._serialize_signature": {"executed_lines": [180, 181, 182], "summary": {"covered_lines": 3, "num_statements": 3, "percent_covered": 100.0, "percent_covered_display": "100", "missing_lines": 0, "excluded_lines": 0, "percent_statements_covered": 100.0, "percent_statements_covered_display": "100", "num_branches": 2, "num_partial_branches": 0, "covered_branches": 2, "missing_branches": 0, "percent_branches_covered": 100.0, "percent_branches_covered_display": "100"}, "missing_lines": [], "excluded_lines": [], "start_line": 171, "executed_branches": [[180, 181], [180, 182]], "missing_branches": []}, "DSPySignatureChatGenerator._deserialize_signature": {"executed_lines": [192, 193, 195, 196, 198, 199, 200, 201, 203, 204], "summary": {"covered_lines": 10, "num_statements": 10, "percent_covered": 100.0, "percent_covered_display": "100", "missing_lines": 0, "excluded_lines": 0, "percent_statements_covered": 100.0, "percent_statements_covered_display": "100", "num_branches": 4, "num_partial_branches": 0, "covered_branches": 4, "missing_branches": 0, "percent_branches_covered": 100.0, "percent_branches_covered_display": "100"}, "missing_lines": [], "excluded_lines": [], "start_line": 185, "executed_branches": [[195, 196], [195, 198], [198, 199], [198, 203]], "missing_branches": []}, "DSPySignatureChatGenerator.to_dict": {"executed_lines": [208, 218], "summary": {"covered_lines": 2, "num_statements": 2, "percent_covered": 100.0, "percent_covered_display": "100", "missing_lines": 0, "excluded_lines": 0, "percent_statements_covered": 100.0, "percent_statements_covered_display": "100", "num_branches": 0, "num_partial_branches": 0, "covered_branches": 0, "missing_branches": 0, "percent_branches_covered": 100.0, "percent_branches_covered_display": "100"}, "missing_lines": [], "excluded_lines": [], "start_line": 206, "executed_branches": [], "missing_branches": []}, "DSPySignatureChatGenerator.from_dict": {"executed_lines": [223, 225, 226, 227, 229], "summary": {"covered_lines": 5, "num_statements": 5, "percent_covered": 85.71428571428571, "percent_covered_display": "86",