{"coverage": 98.10126582278481, "raw_data": {"meta": {"format": 3, "version": "7.14.1", "timestamp": "2026-05-29T15:54:37.957243", "branch_coverage": true, "show_contexts": false}, "files": {"src/haystack_integrations/components/generators/litellm/chat/chat_generator.py": {"executed_lines": [5, 6, 8, 9, 10, 11, 21, 28, 29, 31, 34, 35, 67, 96, 97, 98, 99, 100, 101, 103, 110, 111, 113, 114, 115, 116, 117, 119, 120, 121, 122, 123, 128, 138, 139, 155, 156, 158, 160, 164, 165, 167, 168, 170, 171, 173, 174, 183, 184, 186, 188, 192, 193, 195, 196, 198, 199, 201, 202, 203, 204, 205, 206, 207, 208, 210, 211, 212, 213, 214, 215, 216, 217, 219, 221, 222, 232, 233, 235, 236, 237, 241, 246, 255, 257, 258, 259, 260, 267, 269, 273, 275, 276, 277, 278, 279, 280, 281, 282, 283, 290, 291, 293, 300, 303, 313, 316, 317, 325, 326, 327, 328, 335, 336, 337, 338, 339, 340, 348, 359, 361, 362, 364], "summary": {"covered_lines": 123, "num_statements": 124, "percent_covered": 98.10126582278481, "percent_covered_display": "98", "missing_lines": 1, "excluded_lines": 0, "percent_statements_covered": 99.19354838709677, "percent_statements_covered_display": "99", "num_branches": 34, "num_partial_branches": 2, "covered_branches": 32, "missing_branches": 2, "percent_branches_covered": 94.11764705882354, "percent_branches_covered_display": "94"}, "missing_lines": [238], "excluded_lines": [], "executed_branches": [[114, 115], [114, 116], [116, 117], [116, 119], [122, 123], [122, 128], [155, 156], [155, 158], [167, 168], [167, 170], [183, 184], [183, 186], [195, 196], [195, 198], [204, 205], [204, 208], [213, 214], [213, 217], [237, 241], [258, 259], [258, 260], [276, 277], [276, 293], [277, 278], [277, 293], [279, 280], [316, 317], [316, 325], [336, 337], [336, 359], [338, 339], [338, 348]], "missing_branches": [[237, 238], [279, 291]], "functions": {"LiteLLMChatGenerator.__init__": {"executed_lines": [96, 97, 98, 99, 100, 101], "summary": {"covered_lines": 6, "num_statements": 6, "percent_covered": 100.0, "percent_covered_display": "100", "missing_lines": 0, "excluded_lines": 0, "percent_statements_covered": 100.0, "percent_statements_covered_display": "100", "num_branches": 0, "num_partial_branches": 0, "covered_branches": 0, "missing_branches": 0, "percent_branches_covered": 100.0, "percent_branches_covered_display": "100"}, "missing_lines": [], "excluded_lines": [], "start_line": 67, "executed_branches": [], "missing_branches": []}, "LiteLLMChatGenerator._build_litellm_kwargs": {"executed_lines": [110, 111, 113, 114, 115, 116, 117, 119, 120, 121, 122, 123, 128], "summary": {"covered_lines": 13, "num_statements": 13, "percent_covered": 100.0, "percent_covered_display": "100", "missing_lines": 0, "excluded_lines": 0, "percent_statements_covered": 100.0, "percent_statements_covered_display": "100", "num_branches": 6, "num_partial_branches": 0, "covered_branches": 6, "missing_branches": 0, "percent_branches_covered": 100.0, "percent_branches_covered_display": "100"}, "missing_lines": [], "excluded_lines": [], "start_line": 103, "executed_branches": [[114, 115], [114, 116], [116, 117], [116, 119], [122, 123], [122, 128]], "missing_branches": []}, "LiteLLMChatGenerator.run": {"executed_lines": [155, 156, 158, 160, 164, 165, 167, 168, 170, 171], "summary": {"covered_lines": 10, "num_statements": 10, "percent_covered": 100.0, "percent_covered_display": "100", "missing_lines": 0, "excluded_lines": 0, "percent_statements_covered": 100.0, "percent_statements_covered_display": "100", "num_branches": 4, "num_partial_branches": 0, "covered_branches": 4, "missing_branches": 0, "percent_branches_covered": 100.0, "percent_branches_covered_display": "100"}, "missing_lines": [], "excluded_lines": [], "start_line": 139, "executed_branches": [[155, 156], [155, 158], [167, 168], [167, 170]], "missing_branches": []}, "LiteLLMChatGenerator.run_async": {"executed_lines": [183, 184, 186, 188, 192, 193, 195, 196, 198, 199], "summary": {"covered_lines": 10, "num_statements": 10, "percent_covered": 100.0, "percent_covered_display": "100", "missing_lines": 0, "excluded_lines": 0, "percent_statements_covered": 100.0, "percent_statements_covered_display": "100", "num_branches": 4, "num_partial_branches": 0, "covered_branches": 4, "missing_branches": 0, "percent_branches_covered": 100.0, "percent_branches_covered_display": "100"}, "missing_lines": [], "excluded_lines": [], "start_line": 174, "executed_branches": [[183, 184], [183, 186], [195, 196], [195, 198]], "missing_branches": []}, "LiteLLMChatGenerator._handle_streaming": {"executed_lines": [202, 203, 204, 205, 206, 207, 208], "summary": {"covered_lines": 7, "num_statements": 7, "percent_covered": 100.0, "percent_covered_display": "100", "missing_lines": 0, "excluded_lines": 0, "percent_statements_covered": 100.0, "percent_statements_covered_display": "100", "num_branches": 2, "num_partial_branches": 0, "covered_branches": 2, "missing_branches": 0, "percent_branches_covered": 100.0, "percent_branches_covered_display": "100"}, "missing_lines": [], "excluded_lines": [], "start_line": 201, "executed_branches": [[204, 205], [204, 208]], "missing_branches": []}, "LiteLLMChatGenerator._ahandle_streaming": {"executed_lines": [211, 212, 213, 214, 215, 216, 217], "summary": {"covered_lines": 7, "num_statements": 7, "percent_covered": 100.0, "percent_covered_display": "100", "missing_lines": 0, "excluded_lines": 0, "percent_statements_covered": 100.0, "percent_statements_covered_display": "100", "num_branches": 2, "num_partial_branches": 0, "covered_branches": 2, "missing_branches": 0, "percent_branches_covered": 100.0, "percent_branches_covered_display": "100"}, "missing_lines": [], "excluded_lines": [], "start_line": 210, "executed_branches": [[213, 214], [213, 217]], "missing_branches": []}, "LiteLLMChatGenerator.to_dict": {"executed_lines": [221, 222], "summary": {"covered_lines": 2, "num_statements": 2, "percent_covered": 100.0, "percent_covered_display": "100", "missing_lines": 0, "excluded_lines": 0, "percent_statements_covered": 100.0, "percent_statements_covered_display": "100", "num_branches": 0, "num_partial_branches": 0, "covered_branches": 0, "missing_branches": 0, "percent_branches_covered": 100.0, "percent_branches_covered_display": "100"}, "missing_lines": [], "excluded_lines": [], "start_line": 219, "executed_branches": [], "missing_branches": []}, "LiteLLMChatGenerator.from_dict": {"executed_lines": [235, 236, 237, 241], "summary": {"covered_lines": 4, "num_statements": 5, "percent_covered": 71.42857142857143, "percent_covered_display": "71", "missing_lines": 1, "excluded_lines": 0, "percent_statements_covered": 80.0, "percent_statements_covered_display": "80", "num_branches": 2, "num_partial_branches": 1, "covered_branches": 1, "missing_branches": 1, "percent_branches_covered": 50.0, "percent_branches_covered_display": "50"}, "missing_lines": [238], "excluded_lines": [], "start_line": 233, "executed_branches": [[237, 241]], "missing_branches": [[237, 238]]}, "_extract_usage": {"executed_lines": [257, 258, 259, 260], "summary": {"covered_lines": 4, "num_statements": 4, "percent_covered": 100.0, "percent_covered_display": "100", "missing_lines": 0, "excluded_lines": 0, "percent_statements_covered": 100.0, "percent_statements_covered_display": "100", "num_branches": 2, "num_partial_branches": 0, "covered_branches": 2, "missing_branches": 0, "percent_branches_covered": 100.0, "percent_branches_covered_display": "100"}, "missing_lines": [], "excluded_lines": [], "start_line": 255, "executed_branches": [[258, 259], [258, 260]], "missing_branches": []}, "_build_chat_message": {"executed_lines": [269, 273, 275, 276, 277, 278, 279, 280, 281, 282, 283, 290, 291, 293, 300], "summary": {"covered_lines": 15, "num_statements": 15, "percent_covered": 95.23809523809524, "percent_covered_display": "95", "missing_lines": 0, "excluded_lines": 0, "percent_statements_covered": 100.0, "percent_statements_covered_display": "100", "num_branches": 6,