{"coverage": 79.6875, "raw_data": {"meta": {"format": 3, "version": "7.13.1", "timestamp": "2026-03-31T16:02:25.700007", "branch_coverage": true, "show_contexts": false}, "files": {"src/haystack_integrations/components/evaluators/ragas/evaluator.py": {"executed_lines": [1, 2, 4, 5, 6, 8, 9, 14, 15, 16, 19, 20, 56, 69, 70, 71, 72, 74, 89, 90, 91, 93, 94, 95, 97, 98, 99, 101, 102, 125, 126, 128, 129, 139, 140, 142, 144, 145, 151, 152, 156, 163, 164, 166, 168, 170, 174, 175, 177, 184, 188, 189, 192, 198, 199, 203, 206, 207, 208, 209, 210, 211, 212, 218, 220, 221, 222, 223, 227, 228, 229, 231, 232, 235, 238, 240, 242, 245, 249, 256, 258, 265, 274], "summary": {"covered_lines": 83, "num_statements": 98, "percent_covered": 79.6875, "percent_covered_display": "80", "missing_lines": 15, "excluded_lines": 0, "percent_statements_covered": 84.6938775510204, "percent_statements_covered_display": "85", "num_branches": 30, "num_partial_branches": 9, "covered_branches": 19, "missing_branches": 11, "percent_branches_covered": 63.333333333333336, "percent_branches_covered_display": "63"}, "missing_lines": [154, 172, 185, 186, 187, 190, 243, 244, 246, 247, 248, 250, 251, 252, 253], "excluded_lines": [], "executed_branches": [[89, 90], [89, 93], [93, 94], [93, 97], [97, -74], [97, 98], [163, 164], [163, 166], [166, 168], [166, 170], [170, 174], [184, 188], [188, 189], [198, 199], [203, 206], [227, 228], [242, 245], [245, 249], [249, 256]], "missing_branches": [[170, 172], [184, 185], [185, 186], [185, 187], [188, 190], [198, -192], [203, -192], [227, -220], [242, 243], [245, 246], [249, 250]], "functions": {"RagasEvaluator.__init__": {"executed_lines": [69, 70, 71, 72], "summary": {"covered_lines": 4, "num_statements": 4, "percent_covered": 100.0, "percent_covered_display": "100", "missing_lines": 0, "excluded_lines": 0, "percent_statements_covered": 100.0, "percent_statements_covered_display": "100", "num_branches": 0, "num_partial_branches": 0, "covered_branches": 0, "missing_branches": 0, "percent_branches_covered": 100.0, "percent_branches_covered_display": "100"}, "missing_lines": [], "excluded_lines": [], "start_line": 56, "executed_branches": [], "missing_branches": []}, "RagasEvaluator._validate_inputs": {"executed_lines": [89, 90, 91, 93, 94, 95, 97, 98, 99], "summary": {"covered_lines": 9, "num_statements": 9, "percent_covered": 100.0, "percent_covered_display": "100", "missing_lines": 0, "excluded_lines": 0, "percent_statements_covered": 100.0, "percent_statements_covered_display": "100", "num_branches": 6, "num_partial_branches": 0, "covered_branches": 6, "missing_branches": 0, "percent_branches_covered": 100.0, "percent_branches_covered_display": "100"}, "missing_lines": [], "excluded_lines": [], "start_line": 74, "executed_branches": [[89, 90], [89, 93], [93, 94], [93, 97], [97, -74], [97, 98]], "missing_branches": []}, "RagasEvaluator.run": {"executed_lines": [125, 126, 128, 129, 139, 140, 142, 144, 145, 151, 152], "summary": {"covered_lines": 11, "num_statements": 12, "percent_covered": 91.66666666666667, "percent_covered_display": "92", "missing_lines": 1, "excluded_lines": 0, "percent_statements_covered": 91.66666666666667, "percent_statements_covered_display": "92", "num_branches": 0, "num_partial_branches": 0, "covered_branches": 0, "missing_branches": 0, "percent_branches_covered": 100.0, "percent_branches_covered_display": "100"}, "missing_lines": [154], "excluded_lines": [], "start_line": 102, "executed_branches": [], "missing_branches": []}, "RagasEvaluator._process_documents": {"executed_lines": [163, 164, 166, 168, 170, 174, 175], "summary": {"covered_lines": 7, "num_statements": 8, "percent_covered": 85.71428571428571, "percent_covered_display": "86", "missing_lines": 1, "excluded_lines": 0, "percent_statements_covered": 87.5, "percent_statements_covered_display": "88", "num_branches": 6, "num_partial_branches": 1, "covered_branches": 5, "missing_branches": 1, "percent_branches_covered": 83.33333333333333, "percent_branches_covered_display": "83"}, "missing_lines": [172], "excluded_lines": [], "start_line": 156, "executed_branches": [[163, 164], [163, 166], [166, 168], [166, 170], [170, 174]], "missing_branches": [[170, 172]]}, "RagasEvaluator._process_response": {"executed_lines": [184, 188, 189], "summary": {"covered_lines": 3, "num_statements": 7, "percent_covered": 38.46153846153846, "percent_covered_display": "38", "missing_lines": 4, "excluded_lines": 0, "percent_statements_covered": 42.857142857142854, "percent_statements_covered_display": "43", "num_branches": 6, "num_partial_branches": 2, "covered_branches": 2, "missing_branches": 4, "percent_branches_covered": 33.333333333333336, "percent_branches_covered_display": "33"}, "missing_lines": [185, 186, 187, 190], "excluded_lines": [], "start_line": 177, "executed_branches": [[184, 188], [188, 189]], "missing_branches": [[184, 185], [185, 186], [185, 187], [188, 190]]}, "RagasEvaluator._handle_conversion_error": {"executed_lines": [198, 199, 203, 206, 207, 208, 209, 210, 211, 212, 218], "summary": {"covered_lines": 11, "num_statements": 11, "percent_covered": 86.66666666666667, "percent_covered_display": "87", "missing_lines": 0, "excluded_lines": 0, "percent_statements_covered": 100.0, "percent_statements_covered_display": "100", "num_branches": 4, "num_partial_branches": 2, "covered_branches": 2, "missing_branches": 2, "percent_branches_covered": 50.0, "percent_branches_covered_display": "50"}, "missing_lines": [], "excluded_lines": [], "start_line": 192, "executed_branches": [[198, 199], [203, 206]], "missing_branches": [[198, -192], [203, -192]]}, "RagasEvaluator._handle_evaluation_error": {"executed_lines": [221, 222, 223, 227, 228, 229, 231, 232, 235, 238], "summary": {"covered_lines": 10, "num_statements": 10, "percent_covered": 91.66666666666667, "percent_covered_display": "92", "missing_lines": 0, "excluded_lines": 0, "percent_statements_covered": 100.0, "percent_statements_covered_display": "100", "num_branches": 2, "num_partial_branches": 1, "covered_branches": 1, "missing_branches": 1, "percent_branches_covered": 50.0, "percent_branches_covered_display": "50"}, "missing_lines": [], "excluded_lines": [], "start_line": 220, "executed_branches": [[227, 228]], "missing_branches": [[227, -220]]}, "RagasEvaluator._get_expected_type_description": {"executed_lines": [242, 245, 249, 256], "summary": {"covered_lines": 4, "num_statements": 13, "percent_covered": 36.8421052631579, "percent_covered_display": "37", "missing_lines": 9, "excluded_lines": 0, "percent_statements_covered": 30.76923076923077, "percent_statements_covered_display": "31", "num_branches": 6, "num_partial_branches": 3, "covered_branches": 3, "missing_branches": 3, "percent_branches_covered": 50.0, "percent_branches_covered_display": "50"}, "missing_lines": [243, 244, 246, 247, 248, 250, 251, 252, 253], "excluded_lines": [], "start_line": 240, "executed_branches": [[242, 245], [245, 249], [249, 256]], "missing_branches": [[242, 243], [245, 246], [249, 250]]}, "RagasEvaluator._get_example_input": {"executed_lines": [265, 274], "summary": {"covered_lines": 2, "num_statements": 2, "percent_covered": 100.0, "percent_covered_display": "100", "missing_lines": 0, "excluded_lines": 0, "percent_statements_covered": 100.0, "percent_statements_covered_display": "100", "num_branches": 0, "num_partial_branches": 0, "covered_branches": 0, "missing_branches": 0, "percent_branches_covered": 100.0, "percent_branches_covered_display": "100"}, "missing_lines": [], "excluded_lines": [], "start_line": 258, "executed_branches": [], "missing_branches": []}, "": {"executed_lines": [1, 2, 4, 5, 6, 8, 9, 14, 15, 16, 19, 20, 56, 74, 101, 102, 156, 177, 192, 220, 240, 258], "summary": {"covered_lines": 22, "num_statements": 22, "percent_covered": 100.0, "percent_covered_display": "100", "missing_lines": 0, "excluded_lines": 0, "percent_statements_covered": 100.0, "percent_statements_covered_display": "100", "num_branches": 0,