{"coverage": 95.77464788732394, "raw_data": {"meta": {"format": 3, "version": "7.13.5", "timestamp": "2026-05-04T12:06:48.119019", "branch_coverage": true, "show_contexts": false}, "files": {"src/haystack_integrations/components/converters/docling/converter.py": {"executed_lines": [3, 4, 5, 6, 7, 8, 9, 10, 12, 13, 14, 15, 16, 17, 19, 20, 21, 23, 26, 33, 34, 36, 37, 39, 41, 42, 43, 44, 46, 49, 52, 53, 54, 57, 60, 61, 65, 66, 70, 72, 74, 75, 77, 80, 83, 85, 87, 89, 92, 93, 96, 126, 127, 128, 129, 130, 131, 134, 135, 136, 137, 139, 141, 142, 146, 147, 152, 153, 154, 156, 166, 167, 178, 180, 181, 182, 184, 186, 187, 210, 211, 216, 217, 219, 220, 221, 223, 225, 226, 227, 228, 229, 231, 233, 234, 236, 237, 238, 245, 246, 247, 251, 252, 253, 257, 262], "summary": {"covered_lines": 106, "num_statements": 110, "percent_covered": 95.77464788732394, "percent_covered_display": "96", "missing_lines": 4, "excluded_lines": 0, "percent_statements_covered": 96.36363636363636, "percent_statements_covered_display": "96", "num_branches": 32, "num_partial_branches": 2, "covered_branches": 30, "missing_branches": 2, "percent_branches_covered": 93.75, "percent_branches_covered_display": "94"}, "missing_lines": [63, 68, 259, 260], "excluded_lines": [], "executed_branches": [[36, 37], [36, 39], [41, 42], [41, 46], [43, 44], [43, 46], [135, 136], [135, 137], [141, 142], [141, 146], [146, 147], [146, 152], [153, 154], [153, 156], [181, 182], [181, 184], [210, 211], [210, 219], [216, 217], [219, 220], [219, 223], [226, 227], [226, 262], [227, 228], [227, 233], [236, 237], [236, 246], [246, 247], [246, 252], [252, 253]], "missing_branches": [[216, 219], [252, 259]], "functions": {"_bytestream_to_document_stream": {"executed_lines": [33, 34, 36, 37, 39, 41, 42, 43, 44, 46], "summary": {"covered_lines": 10, "num_statements": 10, "percent_covered": 100.0, "percent_covered_display": "100", "missing_lines": 0, "excluded_lines": 0, "percent_statements_covered": 100.0, "percent_statements_covered_display": "100", "num_branches": 6, "num_partial_branches": 0, "covered_branches": 6, "missing_branches": 0, "percent_branches_covered": 100.0, "percent_branches_covered_display": "100"}, "missing_lines": [], "excluded_lines": [], "start_line": 26, "executed_branches": [[36, 37], [36, 39], [41, 42], [41, 46], [43, 44], [43, 46]], "missing_branches": []}, "BaseMetaExtractor.extract_chunk_meta": {"executed_lines": [], "summary": {"covered_lines": 0, "num_statements": 1, "percent_covered": 0.0, "percent_covered_display": "0", "missing_lines": 1, "excluded_lines": 0, "percent_statements_covered": 0.0, "percent_statements_covered_display": "0", "num_branches": 0, "num_partial_branches": 0, "covered_branches": 0, "missing_branches": 0, "percent_branches_covered": 100.0, "percent_branches_covered_display": "100"}, "missing_lines": [63], "excluded_lines": [], "start_line": 61, "executed_branches": [], "missing_branches": []}, "BaseMetaExtractor.extract_dl_doc_meta": {"executed_lines": [], "summary": {"covered_lines": 0, "num_statements": 1, "percent_covered": 0.0, "percent_covered_display": "0", "missing_lines": 1, "excluded_lines": 0, "percent_statements_covered": 0.0, "percent_statements_covered_display": "0", "num_branches": 0, "num_partial_branches": 0, "covered_branches": 0, "missing_branches": 0, "percent_branches_covered": 100.0, "percent_branches_covered_display": "100"}, "missing_lines": [68], "excluded_lines": [], "start_line": 66, "executed_branches": [], "missing_branches": []}, "BaseMetaExtractor.to_dict": {"executed_lines": [72], "summary": {"covered_lines": 1, "num_statements": 1, "percent_covered": 100.0, "percent_covered_display": "100", "missing_lines": 0, "excluded_lines": 0, "percent_statements_covered": 100.0, "percent_statements_covered_display": "100", "num_branches": 0, "num_partial_branches": 0, "covered_branches": 0, "missing_branches": 0, "percent_branches_covered": 100.0, "percent_branches_covered_display": "100"}, "missing_lines": [], "excluded_lines": [], "start_line": 70, "executed_branches": [], "missing_branches": []}, "BaseMetaExtractor.from_dict": {"executed_lines": [77], "summary": {"covered_lines": 1, "num_statements": 1, "percent_covered": 100.0, "percent_covered_display": "100", "missing_lines": 0, "excluded_lines": 0, "percent_statements_covered": 100.0, "percent_statements_covered_display": "100", "num_branches": 0, "num_partial_branches": 0, "covered_branches": 0, "missing_branches": 0, "percent_branches_covered": 100.0, "percent_branches_covered_display": "100"}, "missing_lines": [], "excluded_lines": [], "start_line": 75, "executed_branches": [], "missing_branches": []}, "MetaExtractor.extract_chunk_meta": {"executed_lines": [85], "summary": {"covered_lines": 1, "num_statements": 1, "percent_covered": 100.0, "percent_covered_display": "100", "missing_lines": 0, "excluded_lines": 0, "percent_statements_covered": 100.0, "percent_statements_covered_display": "100", "num_branches": 0, "num_partial_branches": 0, "covered_branches": 0, "missing_branches": 0, "percent_branches_covered": 100.0, "percent_branches_covered_display": "100"}, "missing_lines": [], "excluded_lines": [], "start_line": 83, "executed_branches": [], "missing_branches": []}, "MetaExtractor.extract_dl_doc_meta": {"executed_lines": [89], "summary": {"covered_lines": 1, "num_statements": 1, "percent_covered": 100.0, "percent_covered_display": "100", "missing_lines": 0, "excluded_lines": 0, "percent_statements_covered": 100.0, "percent_statements_covered_display": "100", "num_branches": 0, "num_partial_branches": 0, "covered_branches": 0, "missing_branches": 0, "percent_branches_covered": 100.0, "percent_branches_covered_display": "100"}, "missing_lines": [], "excluded_lines": [], "start_line": 87, "executed_branches": [], "missing_branches": []}, "DoclingConverter.__init__": {"executed_lines": [126, 127, 128, 129, 130, 131, 134, 135, 136, 137], "summary": {"covered_lines": 10, "num_statements": 10, "percent_covered": 100.0, "percent_covered_display": "100", "missing_lines": 0, "excluded_lines": 0, "percent_statements_covered": 100.0, "percent_statements_covered_display": "100", "num_branches": 2, "num_partial_branches": 0, "covered_branches": 2, "missing_branches": 0, "percent_branches_covered": 100.0, "percent_branches_covered_display": "100"}, "missing_lines": [], "excluded_lines": [], "start_line": 96, "executed_branches": [[135, 136], [135, 137]], "missing_branches": []}, "DoclingConverter.to_dict": {"executed_lines": [141, 142, 146, 147, 152, 153, 154, 156], "summary": {"covered_lines": 8, "num_statements": 8, "percent_covered": 100.0, "percent_covered_display": "100", "missing_lines": 0, "excluded_lines": 0, "percent_statements_covered": 100.0, "percent_statements_covered_display": "100", "num_branches": 6, "num_partial_branches": 0, "covered_branches": 6, "missing_branches": 0, "percent_branches_covered": 100.0, "percent_branches_covered_display": "100"}, "missing_lines": [], "excluded_lines": [], "start_line": 139, "executed_branches": [[141, 142], [141, 146], [146, 147], [146, 152], [153, 154], [153, 156]], "missing_branches": []}, "DoclingConverter.from_dict": {"executed_lines": [178, 180, 181, 182, 184], "summary": {"covered_lines": 5, "num_statements": 5, "percent_covered": 100.0, "percent_covered_display": "100", "missing_lines": 0, "excluded_lines": 0, "percent_statements_covered": 100.0, "percent_statements_covered_display": "100", "num_branches": 2, "num_partial_branches": 0, "covered_branches": 2, "missing_branches": 0, "percent_branches_covered": 100.0, "percent_branches_covered_display": "100"}, "missing_lines": [], "excluded_lines": [], "start_line": 167, "executed_branches": [[181, 182], [181, 184]], "missing_branches": []}, "DoclingConverter.run": {"executed_lines": [210, 211, 216, 217, 219, 220, 221, 223, 225, 226, 227, 228, 229, 231, 233, 234, 236, 237, 238, 245, 246, 247, 251, 252, 253, 257, 262], "summary": {"covered_lines": 27, "num_statements": 29,