{"coverage": 81.98198198198199, "raw_data": {"meta": {"format": 3, "version": "7.13.5", "timestamp": "2026-04-01T14:55:32.790751", "branch_coverage": true, "show_contexts": false}, "files": {"src/haystack_integrations/components/preprocessors/hanlp/chinese_document_splitter.py": {"executed_lines": [5, 6, 7, 9, 10, 11, 12, 14, 15, 17, 20, 23, 24, 56, 90, 91, 92, 93, 94, 95, 96, 97, 98, 99, 100, 102, 103, 130, 131, 132, 133, 134, 135, 136, 137, 138, 139, 140, 141, 142, 143, 144, 145, 146, 150, 151, 152, 153, 155, 156, 165, 166, 168, 169, 170, 171, 173, 175, 178, 179, 180, 182, 183, 185, 192, 195, 197, 199, 200, 201, 204, 205, 207, 212, 220, 223, 224, 225, 226, 227, 228, 229, 231, 233, 234, 235, 237, 240, 242, 258, 259, 260, 261, 264, 265, 266, 268, 269, 270, 273, 283, 285, 286, 287, 290, 296, 307, 308, 309, 310, 313, 314, 315, 316, 317, 319, 321, 328, 331, 332, 333, 335, 336, 343, 349, 350, 351, 355, 357, 369, 370, 373, 374, 375, 378, 379, 380, 381, 382, 383, 384, 385, 387, 388, 389, 392, 397, 398, 399, 400, 402, 403, 405, 408, 410, 412, 414, 420, 422, 423, 424, 425, 426, 427, 428, 430, 431, 433, 435, 436, 438, 439, 440, 441, 443, 444, 445, 446, 448, 449, 460, 463, 465, 466, 468, 470, 473, 474, 476, 486, 489, 490, 492, 502, 504, 533, 537, 546, 547, 548, 550, 551, 555, 557, 558, 559, 561], "summary": {"covered_lines": 207, "num_statements": 239, "percent_covered": 81.98198198198199, "percent_covered_display": "82", "missing_lines": 32, "excluded_lines": 0, "percent_statements_covered": 86.61087866108787, "percent_statements_covered_display": "87", "num_branches": 94, "num_partial_branches": 18, "covered_branches": 66, "missing_branches": 28, "percent_branches_covered": 70.2127659574468, "percent_branches_covered_display": "70"}, "missing_lines": [176, 181, 193, 238, 298, 299, 300, 303, 304, 329, 394, 406, 461, 487, 493, 497, 498, 499, 500, 501, 511, 512, 514, 515, 516, 518, 519, 520, 521, 523, 524, 526], "excluded_lines": [], "executed_branches": [[130, 131], [130, 133], [133, 134], [133, 136], [136, 137], [136, 139], [139, 140], [139, 142], [142, 143], [142, 145], [145, 146], [145, 151], [151, -102], [151, 152], [165, 166], [169, 170], [169, 171], [175, 178], [178, 179], [180, 182], [192, 195], [199, 200], [199, 201], [225, 226], [225, 231], [234, 235], [234, 237], [237, 240], [268, 269], [268, 313], [283, 285], [296, 307], [314, 315], [314, 319], [316, 317], [328, 331], [335, 336], [335, 343], [369, 370], [369, 373], [373, 374], [373, 378], [387, 388], [387, 412], [392, 397], [397, 398], [405, 408], [422, 423], [422, 443], [430, 431], [430, 433], [435, 436], [435, 438], [443, 444], [443, 446], [444, 445], [460, 463], [465, -448], [465, 466], [468, 470], [486, 489], [492, 502], [546, 547], [546, 548], [558, 559], [558, 561]], "missing_branches": [[165, 168], [175, 176], [178, 180], [180, 181], [192, 193], [237, 238], [283, 268], [296, 298], [316, 314], [328, 329], [392, 394], [397, 402], [405, 406], [444, 443], [460, 461], [468, -448], [486, 487], [492, 493], [497, 498], [497, 499], [500, 492], [500, 501], [511, 512], [511, 514], [514, 515], [514, 518], [519, 520], [519, 523]], "functions": {"ChineseDocumentSplitter.__init__": {"executed_lines": [90, 91, 92, 93, 94, 95, 96, 97, 98, 99, 100], "summary": {"covered_lines": 11, "num_statements": 11, "percent_covered": 100.0, "percent_covered_display": "100", "missing_lines": 0, "excluded_lines": 0, "percent_statements_covered": 100.0, "percent_statements_covered_display": "100", "num_branches": 0, "num_partial_branches": 0, "covered_branches": 0, "missing_branches": 0, "percent_branches_covered": 100.0, "percent_branches_covered_display": "100"}, "missing_lines": [], "excluded_lines": [], "start_line": 56, "executed_branches": [], "missing_branches": []}, "ChineseDocumentSplitter._validate_init_parameters": {"executed_lines": [130, 131, 132, 133, 134, 135, 136, 137, 138, 139, 140, 141, 142, 143, 144, 145, 146, 150, 151, 152, 153], "summary": {"covered_lines": 21, "num_statements": 21, "percent_covered": 100.0, "percent_covered_display": "100", "missing_lines": 0, "excluded_lines": 0, "percent_statements_covered": 100.0, "percent_statements_covered_display": "100", "num_branches": 14, "num_partial_branches": 0, "covered_branches": 14, "missing_branches": 0, "percent_branches_covered": 100.0, "percent_branches_covered_display": "100"}, "missing_lines": [], "excluded_lines": [], "start_line": 103, "executed_branches": [[130, 131], [130, 133], [133, 134], [133, 136], [136, 137], [136, 139], [139, 140], [139, 142], [142, 143], [142, 145], [145, 146], [145, 151], [151, -102], [151, 152]], "missing_branches": []}, "ChineseDocumentSplitter.run": {"executed_lines": [165, 166, 168, 169, 170, 171], "summary": {"covered_lines": 6, "num_statements": 6, "percent_covered": 90.0, "percent_covered_display": "90", "missing_lines": 0, "excluded_lines": 0, "percent_statements_covered": 100.0, "percent_statements_covered_display": "100", "num_branches": 4, "num_partial_branches": 1, "covered_branches": 3, "missing_branches": 1, "percent_branches_covered": 75.0, "percent_branches_covered_display": "75"}, "missing_lines": [], "excluded_lines": [], "start_line": 156, "executed_branches": [[165, 166], [169, 170], [169, 171]], "missing_branches": [[165, 168]]}, "ChineseDocumentSplitter.warm_up": {"executed_lines": [175, 178, 179, 180, 182, 183], "summary": {"covered_lines": 6, "num_statements": 8, "percent_covered": 64.28571428571429, "percent_covered_display": "64", "missing_lines": 2, "excluded_lines": 0, "percent_statements_covered": 75.0, "percent_statements_covered_display": "75", "num_branches": 6, "num_partial_branches": 3, "covered_branches": 3, "missing_branches": 3, "percent_branches_covered": 50.0, "percent_branches_covered_display": "50"}, "missing_lines": [176, 181], "excluded_lines": [], "start_line": 173, "executed_branches": [[175, 178], [178, 179], [180, 182]], "missing_branches": [[175, 176], [178, 180], [180, 181]]}, "ChineseDocumentSplitter._split_by_character": {"executed_lines": [192, 195, 197, 199, 200, 201, 204, 205, 207], "summary": {"covered_lines": 9, "num_statements": 10, "percent_covered": 85.71428571428571, "percent_covered_display": "86", "missing_lines": 1, "excluded_lines": 0, "percent_statements_covered": 90.0, "percent_statements_covered_display": "90", "num_branches": 4, "num_partial_branches": 1, "covered_branches": 3, "missing_branches": 1, "percent_branches_covered": 75.0, "percent_branches_covered_display": "75"}, "missing_lines": [193], "excluded_lines": [], "start_line": 185, "executed_branches": [[192, 195], [199, 200], [199, 201]], "missing_branches": [[192, 193]]}, "ChineseDocumentSplitter.chinese_sentence_split": {"executed_lines": [220, 223, 224, 225, 226, 227, 228, 229, 231], "summary": {"covered_lines": 9, "num_statements": 9, "percent_covered": 100.0, "percent_covered_display": "100", "missing_lines": 0, "excluded_lines": 0, "percent_statements_covered": 100.0, "percent_statements_covered_display": "100", "num_branches": 2, "num_partial_branches": 0, "covered_branches": 2, "missing_branches": 0, "percent_branches_covered": 100.0, "percent_branches_covered_display": "100"}, "missing_lines": [], "excluded_lines": [], "start_line": 212, "executed_branches": [[225, 226], [225, 231]], "missing_branches": []}, "ChineseDocumentSplitter._split_document": {"executed_lines": [234, 235, 237, 240], "summary": {"covered_lines": 4, "num_statements": 5, "percent_covered": 77.77777777777777, "percent_covered_display": "78", "missing_lines": 1, "excluded_lines": 0, "percent_statements_covered": 80.0, "percent_statements_covered_display": "80", "num_branches": 4, "num_partial_branches": 1, "covered_branches": 3, "missing_branches": 1, "percent_branches_covered": 75.0, "percent_branches_covered_display": "75"}, "missing_lines": [238], "excluded_lines": [], "start_line": 233, "executed_branches": [[234, 235], [234, 237], [237, 240]], "missing_branches": [[237, 238]]},