{"coverage": 67.88990825688073, "raw_data": {"meta": {"format": 3, "version": "7.13.5", "timestamp": "2026-04-22T14:07:26.275779", "branch_coverage": true, "show_contexts": false}, "files": {"src/haystack_integrations/components/preprocessors/hanlp/chinese_document_splitter.py": {"executed_lines": [5, 6, 7, 8, 10, 11, 12, 13, 15, 16, 18, 21, 24, 25, 57, 91, 92, 93, 94, 95, 96, 97, 98, 99, 100, 101, 103, 104, 131, 132, 133, 134, 135, 136, 137, 138, 139, 140, 141, 142, 143, 144, 145, 146, 147, 151, 152, 153, 154, 156, 157, 174, 176, 177, 179, 180, 181, 183, 184, 186, 193, 194, 213, 234, 235, 238, 239, 243, 322, 329, 330, 358, 370, 371, 374, 375, 376, 379, 380, 381, 382, 383, 384, 385, 386, 388, 389, 390, 393, 395, 398, 399, 400, 401, 403, 404, 406, 409, 411, 413, 415, 421, 423, 424, 425, 426, 427, 428, 429, 431, 434, 436, 437, 439, 440, 441, 442, 444, 446, 447, 458, 459, 461, 463, 464, 466, 474, 484, 485, 487, 488, 490, 491, 495, 496, 497, 498, 499, 500, 502, 509, 510, 512, 513, 514, 516, 517, 518, 519, 521, 522, 524, 531, 535, 544, 545, 546, 548, 549, 553, 555, 556, 557, 559], "summary": {"covered_lines": 164, "num_statements": 237, "percent_covered": 67.88990825688073, "percent_covered_display": "68", "missing_lines": 73, "excluded_lines": 0, "percent_statements_covered": 69.19831223628692, "percent_statements_covered_display": "69", "num_branches": 90, "num_partial_branches": 12, "covered_branches": 58, "missing_branches": 32, "percent_branches_covered": 64.44444444444444, "percent_branches_covered_display": "64"}, "missing_lines": [166, 167, 169, 170, 171, 172, 182, 196, 198, 200, 201, 202, 205, 206, 208, 221, 224, 225, 226, 227, 228, 229, 230, 232, 236, 241, 259, 260, 261, 262, 265, 266, 267, 269, 270, 271, 274, 284, 286, 287, 288, 291, 297, 299, 300, 301, 304, 305, 308, 309, 310, 311, 314, 315, 316, 317, 318, 320, 332, 333, 334, 336, 337, 344, 350, 351, 352, 356, 407, 432, 468, 471, 472], "excluded_lines": [], "executed_branches": [[131, 132], [131, 134], [134, 135], [134, 137], [137, 138], [137, 140], [140, 141], [140, 143], [143, 144], [143, 146], [146, 147], [146, 152], [152, -103], [152, 153], [176, 177], [176, 179], [179, 180], [181, 183], [193, 194], [235, 238], [238, 239], [329, 330], [370, 371], [370, 374], [374, 375], [374, 379], [388, 389], [388, 413], [393, 395], [393, 398], [398, 399], [406, 409], [423, 424], [423, 444], [431, 434], [436, 437], [436, 439], [458, 459], [458, 461], [463, 464], [466, -446], [484, 485], [484, 487], [490, 491], [495, 496], [495, 497], [498, 490], [498, 499], [509, 510], [509, 512], [512, 513], [512, 516], [517, 518], [517, 521], [544, 545], [544, 546], [556, 557], [556, 559]], "missing_branches": [[166, 167], [166, 169], [170, 171], [170, 172], [179, 181], [181, 182], [193, 196], [200, 201], [200, 202], [226, 227], [226, 232], [235, 236], [238, 241], [269, 270], [269, 314], [284, 269], [284, 286], [297, 299], [297, 308], [315, 316], [315, 320], [317, 315], [317, 318], [329, 332], [336, 337], [336, 344], [398, 403], [406, 407], [431, 432], [463, -446], [466, 468], [490, 500]], "functions": {"ChineseDocumentSplitter.__init__": {"executed_lines": [91, 92, 93, 94, 95, 96, 97, 98, 99, 100, 101], "summary": {"covered_lines": 11, "num_statements": 11, "percent_covered": 100.0, "percent_covered_display": "100", "missing_lines": 0, "excluded_lines": 0, "percent_statements_covered": 100.0, "percent_statements_covered_display": "100", "num_branches": 0, "num_partial_branches": 0, "covered_branches": 0, "missing_branches": 0, "percent_branches_covered": 100.0, "percent_branches_covered_display": "100"}, "missing_lines": [], "excluded_lines": [], "start_line": 57, "executed_branches": [], "missing_branches": []}, "ChineseDocumentSplitter._validate_init_parameters": {"executed_lines": [131, 132, 133, 134, 135, 136, 137, 138, 139, 140, 141, 142, 143, 144, 145, 146, 147, 151, 152, 153, 154], "summary": {"covered_lines": 21, "num_statements": 21, "percent_covered": 100.0, "percent_covered_display": "100", "missing_lines": 0, "excluded_lines": 0, "percent_statements_covered": 100.0, "percent_statements_covered_display": "100", "num_branches": 14, "num_partial_branches": 0, "covered_branches": 14, "missing_branches": 0, "percent_branches_covered": 100.0, "percent_branches_covered_display": "100"}, "missing_lines": [], "excluded_lines": [], "start_line": 104, "executed_branches": [[131, 132], [131, 134], [134, 135], [134, 137], [137, 138], [137, 140], [140, 141], [140, 143], [143, 144], [143, 146], [146, 147], [146, 152], [152, -103], [152, 153]], "missing_branches": []}, "ChineseDocumentSplitter.run": {"executed_lines": [], "summary": {"covered_lines": 0, "num_statements": 6, "percent_covered": 0.0, "percent_covered_display": "0", "missing_lines": 6, "excluded_lines": 0, "percent_statements_covered": 0.0, "percent_statements_covered_display": "0", "num_branches": 4, "num_partial_branches": 0, "covered_branches": 0, "missing_branches": 4, "percent_branches_covered": 0.0, "percent_branches_covered_display": "0"}, "missing_lines": [166, 167, 169, 170, 171, 172], "excluded_lines": [], "start_line": 157, "executed_branches": [], "missing_branches": [[166, 167], [166, 169], [170, 171], [170, 172]]}, "ChineseDocumentSplitter.warm_up": {"executed_lines": [176, 177, 179, 180, 181, 183, 184], "summary": {"covered_lines": 7, "num_statements": 8, "percent_covered": 78.57142857142857, "percent_covered_display": "79", "missing_lines": 1, "excluded_lines": 0, "percent_statements_covered": 87.5, "percent_statements_covered_display": "88", "num_branches": 6, "num_partial_branches": 2, "covered_branches": 4, "missing_branches": 2, "percent_branches_covered": 66.66666666666667, "percent_branches_covered_display": "67"}, "missing_lines": [182], "excluded_lines": [], "start_line": 174, "executed_branches": [[176, 177], [176, 179], [179, 180], [181, 183]], "missing_branches": [[179, 181], [181, 182]]}, "ChineseDocumentSplitter._split_by_character": {"executed_lines": [193, 194], "summary": {"covered_lines": 2, "num_statements": 10, "percent_covered": 21.428571428571427, "percent_covered_display": "21", "missing_lines": 8, "excluded_lines": 0, "percent_statements_covered": 20.0, "percent_statements_covered_display": "20", "num_branches": 4, "num_partial_branches": 1, "covered_branches": 1, "missing_branches": 3, "percent_branches_covered": 25.0, "percent_branches_covered_display": "25"}, "missing_lines": [196, 198, 200, 201, 202, 205, 206, 208], "excluded_lines": [], "start_line": 186, "executed_branches": [[193, 194]], "missing_branches": [[193, 196], [200, 201], [200, 202]]}, "ChineseDocumentSplitter.chinese_sentence_split": {"executed_lines": [], "summary": {"covered_lines": 0, "num_statements": 9, "percent_covered": 0.0, "percent_covered_display": "0", "missing_lines": 9, "excluded_lines": 0, "percent_statements_covered": 0.0, "percent_statements_covered_display": "0", "num_branches": 2, "num_partial_branches": 0, "covered_branches": 0, "missing_branches": 2, "percent_branches_covered": 0.0, "percent_branches_covered_display": "0"}, "missing_lines": [221, 224, 225, 226, 227, 228, 229, 230, 232], "excluded_lines": [], "start_line": 213, "executed_branches": [], "missing_branches": [[226, 227], [226, 232]]}, "ChineseDocumentSplitter._split_document": {"executed_lines": [235, 238, 239], "summary": {"covered_lines": 3, "num_statements": 5, "percent_covered": 55.55555555555556, "percent_covered_display": "56", "missing_lines": 2, "excluded_lines": 0, "percent_statements_covered": 60.0, "percent_statements_covered_display": "60", "num_branches": 4, "num_partial_branches": 2, "covered_branches": 2, "missing_branches": 2, "percent_branches_covered": 50.0, "percent_branches_covered_display": "50"}, "missing_lines": [236, 241], "excluded_lines": [], "start_line": 234, "executed_branches": [[235, 238], [238, 239]], "missing_branches": [[235, 236], [238, 241]]},