{"coverage": 91.70506912442396, "raw_data": {"meta": {"format": 3, "version": "7.13.5", "timestamp": "2026-04-10T10:36:58.306965", "branch_coverage": true, "show_contexts": false}, "files": {"src/haystack_integrations/components/generators/vllm/chat/chat_generator.py": {"executed_lines": [1, 2, 3, 4, 6, 7, 11, 12, 13, 14, 15, 23, 31, 32, 33, 34, 35, 37, 40, 48, 49, 51, 52, 53, 54, 56, 57, 58, 59, 60, 68, 75, 76, 78, 81, 82, 189, 239, 240, 241, 242, 243, 244, 245, 246, 247, 249, 251, 252, 253, 255, 257, 258, 260, 261, 264, 268, 270, 273, 276, 279, 280, 282, 289, 290, 303, 304, 312, 313, 314, 315, 316, 317, 319, 327, 329, 331, 332, 333, 334, 337, 343, 346, 348, 350, 351, 355, 356, 358, 359, 361, 362, 363, 365, 366, 378, 380, 385, 386, 387, 389, 390, 392, 394, 398, 399, 400, 401, 402, 403, 404, 406, 407, 408, 410, 411, 423, 425, 428, 429, 430, 432, 433, 438, 440, 441, 469, 470, 472, 473, 475, 479, 480, 481, 483, 484, 486, 490, 491, 493, 495, 496, 525, 526, 528, 529, 531, 535, 536, 537, 539, 540, 542, 546, 547, 549], "summary": {"covered_lines": 156, "num_statements": 165, "percent_covered": 91.70506912442396, "percent_covered_display": "92", "missing_lines": 9, "excluded_lines": 0, "percent_statements_covered": 94.54545454545455, "percent_statements_covered_display": "95", "num_branches": 52, "num_partial_branches": 9, "covered_branches": 43, "missing_branches": 9, "percent_branches_covered": 82.6923076923077, "percent_branches_covered_display": "83"}, "missing_lines": [55, 262, 269, 271, 335, 344, 434, 435, 436], "excluded_lines": [], "executed_branches": [[52, 53], [52, 68], [53, 54], [53, 68], [54, 56], [257, 258], [257, 260], [261, 264], [268, 270], [270, 273], [315, 316], [334, 337], [343, 346], [358, 359], [358, 392], [362, 363], [365, 366], [365, 380], [385, 386], [385, 389], [403, 404], [403, 438], [407, 408], [410, 411], [410, 425], [428, 429], [428, 432], [469, 470], [469, 472], [472, 473], [472, 475], [483, 484], [483, 486], [490, 491], [490, 493], [525, 526], [525, 528], [528, 529], [528, 531], [539, 540], [539, 542], [546, 547], [546, 549]], "missing_branches": [[54, 55], [261, 262], [268, 269], [270, 271], [315, 317], [334, 335], [343, 344], [362, 365], [407, 410]], "functions": {"_convert_chat_completion_to_chat_message": {"executed_lines": [48, 49, 51, 52, 53, 54, 56, 57, 58, 59, 60, 68, 75, 76, 78], "summary": {"covered_lines": 15, "num_statements": 16, "percent_covered": 90.9090909090909, "percent_covered_display": "91", "missing_lines": 1, "excluded_lines": 0, "percent_statements_covered": 93.75, "percent_statements_covered_display": "94", "num_branches": 6, "num_partial_branches": 1, "covered_branches": 5, "missing_branches": 1, "percent_branches_covered": 83.33333333333333, "percent_branches_covered_display": "83"}, "missing_lines": [55], "excluded_lines": [], "start_line": 40, "executed_branches": [[52, 53], [52, 68], [53, 54], [53, 68], [54, 56]], "missing_branches": [[54, 55]]}, "VLLMChatGenerator.__init__": {"executed_lines": [239, 240, 241, 242, 243, 244, 245, 246, 247, 249, 251, 252, 253], "summary": {"covered_lines": 13, "num_statements": 13, "percent_covered": 100.0, "percent_covered_display": "100", "missing_lines": 0, "excluded_lines": 0, "percent_statements_covered": 100.0, "percent_statements_covered_display": "100", "num_branches": 0, "num_partial_branches": 0, "covered_branches": 0, "missing_branches": 0, "percent_branches_covered": 100.0, "percent_branches_covered_display": "100"}, "missing_lines": [], "excluded_lines": [], "start_line": 189, "executed_branches": [], "missing_branches": []}, "VLLMChatGenerator.warm_up": {"executed_lines": [257, 258, 260, 261, 264, 268, 270, 273, 276, 279, 280], "summary": {"covered_lines": 11, "num_statements": 14, "percent_covered": 72.72727272727273, "percent_covered_display": "73", "missing_lines": 3, "excluded_lines": 0, "percent_statements_covered": 78.57142857142857, "percent_statements_covered_display": "79", "num_branches": 8, "num_partial_branches": 3, "covered_branches": 5, "missing_branches": 3, "percent_branches_covered": 62.5, "percent_branches_covered_display": "62"}, "missing_lines": [262, 269, 271], "excluded_lines": [], "start_line": 255, "executed_branches": [[257, 258], [257, 260], [261, 264], [268, 270], [270, 273]], "missing_branches": [[261, 262], [268, 269], [270, 271]]}, "VLLMChatGenerator.to_dict": {"executed_lines": [289, 290], "summary": {"covered_lines": 2, "num_statements": 2, "percent_covered": 100.0, "percent_covered_display": "100", "missing_lines": 0, "excluded_lines": 0, "percent_statements_covered": 100.0, "percent_statements_covered_display": "100", "num_branches": 0, "num_partial_branches": 0, "covered_branches": 0, "missing_branches": 0, "percent_branches_covered": 100.0, "percent_branches_covered_display": "100"}, "missing_lines": [], "excluded_lines": [], "start_line": 282, "executed_branches": [], "missing_branches": []}, "VLLMChatGenerator.from_dict": {"executed_lines": [312, 313, 314, 315, 316, 317], "summary": {"covered_lines": 6, "num_statements": 6, "percent_covered": 87.5, "percent_covered_display": "88", "missing_lines": 0, "excluded_lines": 0, "percent_statements_covered": 100.0, "percent_statements_covered_display": "100", "num_branches": 2, "num_partial_branches": 1, "covered_branches": 1, "missing_branches": 1, "percent_branches_covered": 50.0, "percent_branches_covered_display": "50"}, "missing_lines": [], "excluded_lines": [], "start_line": 304, "executed_branches": [[315, 316]], "missing_branches": [[315, 317]]}, "VLLMChatGenerator._prepare_api_call": {"executed_lines": [327, 329, 331, 332, 333, 334, 337, 343, 346], "summary": {"covered_lines": 9, "num_statements": 11, "percent_covered": 73.33333333333333, "percent_covered_display": "73", "missing_lines": 2, "excluded_lines": 0, "percent_statements_covered": 81.81818181818181, "percent_statements_covered_display": "82", "num_branches": 4, "num_partial_branches": 2, "covered_branches": 2, "missing_branches": 2, "percent_branches_covered": 50.0, "percent_branches_covered_display": "50"}, "missing_lines": [335, 344], "excluded_lines": [], "start_line": 319, "executed_branches": [[334, 337], [343, 346]], "missing_branches": [[334, 335], [343, 344]]}, "VLLMChatGenerator._handle_stream_response": {"executed_lines": [350, 351, 355, 356, 358, 359, 361, 362, 363, 365, 366, 378, 380, 385, 386, 387, 389, 390, 392], "summary": {"covered_lines": 19, "num_statements": 19, "percent_covered": 96.29629629629629, "percent_covered_display": "96", "missing_lines": 0, "excluded_lines": 0, "percent_statements_covered": 100.0, "percent_statements_covered_display": "100", "num_branches": 8, "num_partial_branches": 1, "covered_branches": 7, "missing_branches": 1, "percent_branches_covered": 87.5, "percent_branches_covered_display": "88"}, "missing_lines": [], "excluded_lines": [], "start_line": 348, "executed_branches": [[358, 359], [358, 392], [362, 363], [365, 366], [365, 380], [385, 386], [385, 389]], "missing_branches": [[362, 365]]}, "VLLMChatGenerator._handle_async_stream_response": {"executed_lines": [398, 399, 400, 401, 402, 403, 404, 406, 407, 408, 410, 411, 423, 425, 428, 429, 430, 432, 433, 438], "summary": {"covered_lines": 20, "num_statements": 23, "percent_covered": 87.09677419354838, "percent_covered_display": "87", "missing_lines": 3, "excluded_lines": 0, "percent_statements_covered": 86.95652173913044, "percent_statements_covered_display": "87", "num_branches": 8, "num_partial_branches": 1, "covered_branches": 7, "missing_branches": 1, "percent_branches_covered": 87.5, "percent_branches_covered_display": "88"}, "missing_lines": [434, 435, 436], "excluded_lines": [], "start_line": 394, "executed_branches": [[403, 404], [403, 438], [407, 408], [410, 411], [410, 425], [428, 429], [428, 432]], "missing_branches": [[407, 410]]}, "VLLMChatGenerator.run": {"executed_lines": [469, 470, 472, 473, 475, 479, 480, 481, 483, 484, 486, 490, 491, 493], "summary": {"covered_lines": 14,