{"coverage": 97.57575757575758, "raw_data": {"meta": {"format": 3, "version": "7.14.3", "timestamp": "2026-07-21T13:16:29.526928", "branch_coverage": true, "show_contexts": false}, "files": {"src/haystack_integrations/components/generators/litellm/chat/chat_generator.py": {"executed_lines": [5, 6, 7, 9, 10, 11, 12, 21, 28, 29, 31, 34, 35, 67, 96, 97, 98, 99, 100, 101, 103, 110, 111, 113, 114, 115, 116, 117, 119, 120, 121, 122, 123, 128, 138, 139, 156, 157, 158, 160, 162, 166, 167, 169, 170, 172, 173, 175, 176, 193, 194, 195, 197, 199, 203, 204, 206, 207, 209, 210, 212, 213, 214, 215, 216, 217, 218, 219, 221, 222, 223, 224, 225, 226, 228, 229, 230, 231, 233, 235, 236, 246, 247, 249, 250, 251, 255, 260, 269, 271, 272, 273, 274, 281, 283, 287, 289, 290, 291, 292, 293, 294, 295, 296, 297, 304, 305, 307, 314, 317, 327, 330, 331, 339, 340, 341, 342, 349, 350, 351, 352, 353, 354, 362, 373, 375, 376, 378], "summary": {"covered_lines": 128, "num_statements": 129, "percent_covered": 97.57575757575758, "percent_covered_display": "98", "missing_lines": 1, "excluded_lines": 0, "percent_statements_covered": 99.2248062015504, "percent_statements_covered_display": "99", "num_branches": 36, "num_partial_branches": 3, "covered_branches": 33, "missing_branches": 3, "percent_branches_covered": 91.66666666666667, "percent_branches_covered_display": "92"}, "missing_lines": [252], "excluded_lines": [], "executed_branches": [[114, 115], [114, 116], [116, 117], [116, 119], [122, 123], [122, 128], [157, 158], [157, 160], [169, 170], [169, 172], [194, 195], [194, 197], [206, 207], [206, 209], [215, 216], [215, 219], [224, 225], [224, 231], [229, 230], [251, 255], [272, 273], [272, 274], [290, 291], [290, 307], [291, 292], [291, 307], [293, 294], [330, 331], [330, 339], [350, 351], [350, 373], [352, 353], [352, 362]], "missing_branches": [[229, 224], [251, 252], [293, 305]], "functions": {"LiteLLMChatGenerator.__init__": {"executed_lines": [96, 97, 98, 99, 100, 101], "summary": {"covered_lines": 6, "num_statements": 6, "percent_covered": 100.0, "percent_covered_display": "100", "missing_lines": 0, "excluded_lines": 0, "percent_statements_covered": 100.0, "percent_statements_covered_display": "100", "num_branches": 0, "num_partial_branches": 0, "covered_branches": 0, "missing_branches": 0, "percent_branches_covered": 100.0, "percent_branches_covered_display": "100"}, "missing_lines": [], "excluded_lines": [], "start_line": 67, "executed_branches": [], "missing_branches": []}, "LiteLLMChatGenerator._build_litellm_kwargs": {"executed_lines": [110, 111, 113, 114, 115, 116, 117, 119, 120, 121, 122, 123, 128], "summary": {"covered_lines": 13, "num_statements": 13, "percent_covered": 100.0, "percent_covered_display": "100", "missing_lines": 0, "excluded_lines": 0, "percent_statements_covered": 100.0, "percent_statements_covered_display": "100", "num_branches": 6, "num_partial_branches": 0, "covered_branches": 6, "missing_branches": 0, "percent_branches_covered": 100.0, "percent_branches_covered_display": "100"}, "missing_lines": [], "excluded_lines": [], "start_line": 103, "executed_branches": [[114, 115], [114, 116], [116, 117], [116, 119], [122, 123], [122, 128]], "missing_branches": []}, "LiteLLMChatGenerator.run": {"executed_lines": [156, 157, 158, 160, 162, 166, 167, 169, 170, 172, 173], "summary": {"covered_lines": 11, "num_statements": 11, "percent_covered": 100.0, "percent_covered_display": "100", "missing_lines": 0, "excluded_lines": 0, "percent_statements_covered": 100.0, "percent_statements_covered_display": "100", "num_branches": 4, "num_partial_branches": 0, "covered_branches": 4, "missing_branches": 0, "percent_branches_covered": 100.0, "percent_branches_covered_display": "100"}, "missing_lines": [], "excluded_lines": [], "start_line": 139, "executed_branches": [[157, 158], [157, 160], [169, 170], [169, 172]], "missing_branches": []}, "LiteLLMChatGenerator.run_async": {"executed_lines": [193, 194, 195, 197, 199, 203, 204, 206, 207, 209, 210], "summary": {"covered_lines": 11, "num_statements": 11, "percent_covered": 100.0, "percent_covered_display": "100", "missing_lines": 0, "excluded_lines": 0, "percent_statements_covered": 100.0, "percent_statements_covered_display": "100", "num_branches": 4, "num_partial_branches": 0, "covered_branches": 4, "missing_branches": 0, "percent_branches_covered": 100.0, "percent_branches_covered_display": "100"}, "missing_lines": [], "excluded_lines": [], "start_line": 176, "executed_branches": [[194, 195], [194, 197], [206, 207], [206, 209]], "missing_branches": []}, "LiteLLMChatGenerator._handle_streaming": {"executed_lines": [213, 214, 215, 216, 217, 218, 219], "summary": {"covered_lines": 7, "num_statements": 7, "percent_covered": 100.0, "percent_covered_display": "100", "missing_lines": 0, "excluded_lines": 0, "percent_statements_covered": 100.0, "percent_statements_covered_display": "100", "num_branches": 2, "num_partial_branches": 0, "covered_branches": 2, "missing_branches": 0, "percent_branches_covered": 100.0, "percent_branches_covered_display": "100"}, "missing_lines": [], "excluded_lines": [], "start_line": 212, "executed_branches": [[215, 216], [215, 219]], "missing_branches": []}, "LiteLLMChatGenerator._ahandle_streaming": {"executed_lines": [222, 223, 224, 225, 226, 228, 229, 230, 231], "summary": {"covered_lines": 9, "num_statements": 9, "percent_covered": 92.3076923076923, "percent_covered_display": "92", "missing_lines": 0, "excluded_lines": 0, "percent_statements_covered": 100.0, "percent_statements_covered_display": "100", "num_branches": 4, "num_partial_branches": 1, "covered_branches": 3, "missing_branches": 1, "percent_branches_covered": 75.0, "percent_branches_covered_display": "75"}, "missing_lines": [], "excluded_lines": [], "start_line": 221, "executed_branches": [[224, 225], [224, 231], [229, 230]], "missing_branches": [[229, 224]]}, "LiteLLMChatGenerator.to_dict": {"executed_lines": [235, 236], "summary": {"covered_lines": 2, "num_statements": 2, "percent_covered": 100.0, "percent_covered_display": "100", "missing_lines": 0, "excluded_lines": 0, "percent_statements_covered": 100.0, "percent_statements_covered_display": "100", "num_branches": 0, "num_partial_branches": 0, "covered_branches": 0, "missing_branches": 0, "percent_branches_covered": 100.0, "percent_branches_covered_display": "100"}, "missing_lines": [], "excluded_lines": [], "start_line": 233, "executed_branches": [], "missing_branches": []}, "LiteLLMChatGenerator.from_dict": {"executed_lines": [249, 250, 251, 255], "summary": {"covered_lines": 4, "num_statements": 5, "percent_covered": 71.42857142857143, "percent_covered_display": "71", "missing_lines": 1, "excluded_lines": 0, "percent_statements_covered": 80.0, "percent_statements_covered_display": "80", "num_branches": 2, "num_partial_branches": 1, "covered_branches": 1, "missing_branches": 1, "percent_branches_covered": 50.0, "percent_branches_covered_display": "50"}, "missing_lines": [252], "excluded_lines": [], "start_line": 247, "executed_branches": [[251, 255]], "missing_branches": [[251, 252]]}, "_extract_usage": {"executed_lines": [271, 272, 273, 274], "summary": {"covered_lines": 4, "num_statements": 4, "percent_covered": 100.0, "percent_covered_display": "100", "missing_lines": 0, "excluded_lines": 0, "percent_statements_covered": 100.0, "percent_statements_covered_display": "100", "num_branches": 2, "num_partial_branches": 0, "covered_branches": 2, "missing_branches": 0, "percent_branches_covered": 100.0, "percent_branches_covered_display": "100"}, "missing_lines": [], "excluded_lines": [], "start_line": 269, "executed_branches": [[272, 273], [272, 274]], "missing_branches": []}, "_build_chat_message": {"executed_lines": [283, 287, 289, 290, 291, 292, 293, 294, 295, 296, 297, 304, 305, 307, 314], "summary": {"covered_lines": 15, "num_statements": 15, "percent_covered": 95.23809523809524, "percent_covered_display": "95", "missing_lines": 0, "excluded_lines": 0,