{"coverage": 99.10714285714286, "raw_data": {"meta": {"format": 3, "version": "7.13.5", "timestamp": "2026-05-22T13:15:30.256523", "branch_coverage": true, "show_contexts": false}, "files": {"src/haystack_integrations/components/converters/amazon_textract/converter.py": {"executed_lines": [5, 6, 8, 9, 10, 11, 12, 13, 14, 16, 18, 20, 23, 24, 55, 88, 89, 90, 91, 92, 94, 95, 96, 97, 98, 99, 100, 101, 102, 104, 106, 107, 109, 110, 112, 113, 120, 124, 125, 126, 130, 132, 133, 160, 161, 163, 164, 165, 167, 168, 169, 170, 171, 172, 174, 175, 176, 178, 179, 180, 182, 183, 185, 186, 191, 193, 195, 197, 199, 200, 201, 202, 204, 205, 206, 207, 208, 210, 212, 218, 219, 220, 222, 224, 229, 231, 238, 250, 251, 260, 270], "summary": {"covered_lines": 91, "num_statements": 91, "percent_covered": 99.09909909909909, "percent_covered_display": "99", "missing_lines": 0, "excluded_lines": 0, "percent_statements_covered": 100.0, "percent_statements_covered_display": "100", "num_branches": 20, "num_partial_branches": 1, "covered_branches": 19, "missing_branches": 1, "percent_branches_covered": 95.0, "percent_branches_covered_display": "95"}, "missing_lines": [], "excluded_lines": [], "executed_branches": [[88, 89], [88, 94], [90, 91], [90, 94], [106, 107], [106, 109], [160, 161], [160, 163], [167, 168], [167, 193], [179, 180], [179, 182], [200, 201], [200, 204], [201, 202], [204, 205], [204, 210], [206, 207], [206, 208]], "missing_branches": [[201, 204]], "functions": {"AmazonTextractConverter.__init__": {"executed_lines": [88, 89, 90, 91, 92, 94, 95, 96, 97, 98, 99, 100, 101, 102], "summary": {"covered_lines": 14, "num_statements": 14, "percent_covered": 100.0, "percent_covered_display": "100", "missing_lines": 0, "excluded_lines": 0, "percent_statements_covered": 100.0, "percent_statements_covered_display": "100", "num_branches": 4, "num_partial_branches": 0, "covered_branches": 4, "missing_branches": 0, "percent_branches_covered": 100.0, "percent_branches_covered_display": "100"}, "missing_lines": [], "excluded_lines": [], "start_line": 55, "executed_branches": [[88, 89], [88, 94], [90, 91], [90, 94]], "missing_branches": []}, "AmazonTextractConverter.warm_up": {"executed_lines": [106, 107, 109, 112, 113, 120, 124, 125, 126, 130], "summary": {"covered_lines": 10, "num_statements": 10, "percent_covered": 100.0, "percent_covered_display": "100", "missing_lines": 0, "excluded_lines": 0, "percent_statements_covered": 100.0, "percent_statements_covered_display": "100", "num_branches": 2, "num_partial_branches": 0, "covered_branches": 2, "missing_branches": 0, "percent_branches_covered": 100.0, "percent_branches_covered_display": "100"}, "missing_lines": [], "excluded_lines": [], "start_line": 104, "executed_branches": [[106, 107], [106, 109]], "missing_branches": []}, "AmazonTextractConverter.warm_up.resolve_secret": {"executed_lines": [110], "summary": {"covered_lines": 1, "num_statements": 1, "percent_covered": 100.0, "percent_covered_display": "100", "missing_lines": 0, "excluded_lines": 0, "percent_statements_covered": 100.0, "percent_statements_covered_display": "100", "num_branches": 0, "num_partial_branches": 0, "covered_branches": 0, "missing_branches": 0, "percent_branches_covered": 100.0, "percent_branches_covered_display": "100"}, "missing_lines": [], "excluded_lines": [], "start_line": 109, "executed_branches": [], "missing_branches": []}, "AmazonTextractConverter.run": {"executed_lines": [160, 161, 163, 164, 165, 167, 168, 169, 170, 171, 172, 174, 175, 176, 178, 179, 180, 182, 183, 185, 186, 191, 193], "summary": {"covered_lines": 23, "num_statements": 23, "percent_covered": 100.0, "percent_covered_display": "100", "missing_lines": 0, "excluded_lines": 0, "percent_statements_covered": 100.0, "percent_statements_covered_display": "100", "num_branches": 6, "num_partial_branches": 0, "covered_branches": 6, "missing_branches": 0, "percent_branches_covered": 100.0, "percent_branches_covered_display": "100"}, "missing_lines": [], "excluded_lines": [], "start_line": 133, "executed_branches": [[160, 161], [160, 163], [167, 168], [167, 193], [179, 180], [179, 182]], "missing_branches": []}, "AmazonTextractConverter._call_textract": {"executed_lines": [197, 199, 200, 201, 202, 204, 205, 206, 207, 208, 210], "summary": {"covered_lines": 11, "num_statements": 11, "percent_covered": 94.73684210526316, "percent_covered_display": "95", "missing_lines": 0, "excluded_lines": 0, "percent_statements_covered": 100.0, "percent_statements_covered_display": "100", "num_branches": 8, "num_partial_branches": 1, "covered_branches": 7, "missing_branches": 1, "percent_branches_covered": 87.5, "percent_branches_covered_display": "88"}, "missing_lines": [], "excluded_lines": [], "start_line": 195, "executed_branches": [[200, 201], [200, 204], [201, 202], [204, 205], [204, 210], [206, 207], [206, 208]], "missing_branches": [[201, 204]]}, "AmazonTextractConverter._create_document": {"executed_lines": [218, 219, 220, 222, 224, 229], "summary": {"covered_lines": 6, "num_statements": 6, "percent_covered": 100.0, "percent_covered_display": "100", "missing_lines": 0, "excluded_lines": 0, "percent_statements_covered": 100.0, "percent_statements_covered_display": "100", "num_branches": 0, "num_partial_branches": 0, "covered_branches": 0, "missing_branches": 0, "percent_branches_covered": 100.0, "percent_branches_covered_display": "100"}, "missing_lines": [], "excluded_lines": [], "start_line": 212, "executed_branches": [], "missing_branches": []}, "AmazonTextractConverter.to_dict": {"executed_lines": [238], "summary": {"covered_lines": 1, "num_statements": 1, "percent_covered": 100.0, "percent_covered_display": "100", "missing_lines": 0, "excluded_lines": 0, "percent_statements_covered": 100.0, "percent_statements_covered_display": "100", "num_branches": 0, "num_partial_branches": 0, "covered_branches": 0, "missing_branches": 0, "percent_branches_covered": 100.0, "percent_branches_covered_display": "100"}, "missing_lines": [], "excluded_lines": [], "start_line": 231, "executed_branches": [], "missing_branches": []}, "AmazonTextractConverter.from_dict": {"executed_lines": [260, 270], "summary": {"covered_lines": 2, "num_statements": 2, "percent_covered": 100.0, "percent_covered_display": "100", "missing_lines": 0, "excluded_lines": 0, "percent_statements_covered": 100.0, "percent_statements_covered_display": "100", "num_branches": 0, "num_partial_branches": 0, "covered_branches": 0, "missing_branches": 0, "percent_branches_covered": 100.0, "percent_branches_covered_display": "100"}, "missing_lines": [], "excluded_lines": [], "start_line": 251, "executed_branches": [], "missing_branches": []}, "": {"executed_lines": [5, 6, 8, 9, 10, 11, 12, 13, 14, 16, 18, 20, 23, 24, 55, 104, 132, 133, 195, 212, 231, 250, 251], "summary": {"covered_lines": 23, "num_statements": 23, "percent_covered": 100.0, "percent_covered_display": "100", "missing_lines": 0, "excluded_lines": 0, "percent_statements_covered": 100.0, "percent_statements_covered_display": "100", "num_branches": 0, "num_partial_branches": 0, "covered_branches": 0, "missing_branches": 0, "percent_branches_covered": 100.0, "percent_branches_covered_display": "100"}, "missing_lines": [], "excluded_lines": [], "start_line": 1, "executed_branches": [], "missing_branches": []}}, "classes": {"AmazonTextractConverter": {"executed_lines": [88, 89, 90, 91, 92, 94, 95, 96, 97, 98, 99, 100, 101, 102, 106, 107, 109, 110, 112, 113, 120, 124, 125, 126, 130, 160, 161, 163, 164, 165, 167, 168, 169, 170, 171, 172, 174, 175, 176, 178, 179, 180, 182, 183, 185, 186, 191, 193, 197, 199, 200, 201, 202, 204, 205, 206, 207, 208, 210, 218, 219, 220, 222, 224, 229, 238, 260, 270], "summary": {"covered_lines": 68, "num_statements": 68, "percent_covered": 98.86363636363636, "percent_covered_display": "99", "missing_lines": 0, "excluded_lines": 0, "percent_statements_covered": 100.0, "percent_statements_covered_display": "100", "num_branches": 20, "num_partial_branches": 1,