{"coverage": 90.82125603864735, "raw_data": {"meta": {"format": 3, "version": "7.14.3", "timestamp": "2026-07-21T13:16:26.765242", "branch_coverage": true, "show_contexts": false}, "files": {"src/haystack_integrations/components/generators/openrouter/chat/chat_generator.py": {"executed_lines": [5, 6, 8, 9, 10, 11, 12, 19, 20, 21, 22, 23, 25, 28, 32, 33, 35, 36, 38, 39, 40, 41, 42, 43, 45, 49, 50, 51, 52, 53, 54, 55, 56, 57, 59, 60, 61, 63, 66, 70, 71, 72, 73, 74, 75, 76, 78, 79, 80, 81, 82, 90, 91, 97, 98, 100, 101, 104, 105, 150, 213, 224, 226, 233, 239, 253, 263, 264, 266, 267, 269, 270, 271, 272, 275, 279, 280, 281, 283, 284, 285, 287, 288, 289, 290, 291, 292, 293, 294, 295, 296, 298, 307, 317, 320, 321, 322, 324, 325, 356, 357, 359, 360, 362, 368, 369, 370, 371, 376, 383, 385, 387, 391, 392, 397, 398, 400, 402, 403, 431, 432, 434, 438, 439, 441, 447, 455, 462, 464, 466, 470, 471, 476, 477, 479], "summary": {"covered_lines": 135, "num_statements": 143, "percent_covered": 90.82125603864735, "percent_covered_display": "91", "missing_lines": 8, "excluded_lines": 0, "percent_statements_covered": 94.4055944055944, "percent_statements_covered_display": "94", "num_branches": 64, "num_partial_branches": 9, "covered_branches": 53, "missing_branches": 11, "percent_branches_covered": 82.8125, "percent_branches_covered_display": "83"}, "missing_lines": [77, 312, 389, 436, 448, 449, 450, 468], "excluded_lines": [], "executed_branches": [[35, 36], [35, 38], [39, 40], [39, 49], [40, 41], [40, 42], [42, 43], [42, 45], [49, 50], [49, 59], [51, 52], [51, 57], [53, 54], [53, 55], [55, 51], [55, 56], [60, 61], [73, 74], [73, 90], [74, 75], [74, 90], [76, 78], [97, 98], [97, 100], [269, 270], [269, 272], [279, 280], [279, 283], [280, 279], [280, 281], [288, 289], [288, 298], [290, 291], [290, 296], [292, 293], [307, 317], [320, 321], [320, 322], [359, 360], [359, 362], [368, 369], [368, 376], [370, 371], [387, 391], [397, 398], [397, 400], [432, 434], [438, 439], [438, 441], [447, 455], [466, 470], [476, 477], [476, 479]], "missing_branches": [[60, 63], [76, 77], [292, 295], [307, 312], [370, 376], [387, 389], [432, 436], [447, 448], [449, 450], [449, 455], [466, 468]], "functions": {"_extract_reasoning": {"executed_lines": [32, 33, 35, 36, 38, 39, 40, 41, 42, 43, 45, 49, 50, 51, 52, 53, 54, 55, 56, 57, 59, 60, 61, 63], "summary": {"covered_lines": 24, "num_statements": 24, "percent_covered": 97.61904761904762, "percent_covered_display": "98", "missing_lines": 0, "excluded_lines": 0, "percent_statements_covered": 100.0, "percent_statements_covered_display": "100", "num_branches": 18, "num_partial_branches": 1, "covered_branches": 17, "missing_branches": 1, "percent_branches_covered": 94.44444444444444, "percent_branches_covered_display": "94"}, "missing_lines": [], "excluded_lines": [], "start_line": 28, "executed_branches": [[35, 36], [35, 38], [39, 40], [39, 49], [40, 41], [40, 42], [42, 43], [42, 45], [49, 50], [49, 59], [51, 52], [51, 57], [53, 54], [53, 55], [55, 51], [55, 56], [60, 61]], "missing_branches": [[60, 63]]}, "_convert_openrouter_completion_to_chat_message": {"executed_lines": [70, 71, 72, 73, 74, 75, 76, 78, 79, 80, 81, 82, 90, 91, 97, 98, 100, 101], "summary": {"covered_lines": 18, "num_statements": 19, "percent_covered": 92.5925925925926, "percent_covered_display": "93", "missing_lines": 1, "excluded_lines": 0, "percent_statements_covered": 94.73684210526316, "percent_statements_covered_display": "95", "num_branches": 8, "num_partial_branches": 1, "covered_branches": 7, "missing_branches": 1, "percent_branches_covered": 87.5, "percent_branches_covered_display": "88"}, "missing_lines": [77], "excluded_lines": [], "start_line": 66, "executed_branches": [[73, 74], [73, 90], [74, 75], [74, 90], [76, 78], [97, 98], [97, 100]], "missing_branches": [[76, 77]]}, "OpenRouterChatGenerator.__init__": {"executed_lines": [213, 224], "summary": {"covered_lines": 2, "num_statements": 2, "percent_covered": 100.0, "percent_covered_display": "100", "missing_lines": 0, "excluded_lines": 0, "percent_statements_covered": 100.0, "percent_statements_covered_display": "100", "num_branches": 0, "num_partial_branches": 0, "covered_branches": 0, "missing_branches": 0, "percent_branches_covered": 100.0, "percent_branches_covered_display": "100"}, "missing_lines": [], "excluded_lines": [], "start_line": 150, "executed_branches": [], "missing_branches": []}, "OpenRouterChatGenerator.to_dict": {"executed_lines": [233, 239], "summary": {"covered_lines": 2, "num_statements": 2, "percent_covered": 100.0, "percent_covered_display": "100", "missing_lines": 0, "excluded_lines": 0, "percent_statements_covered": 100.0, "percent_statements_covered_display": "100", "num_branches": 0, "num_partial_branches": 0, "covered_branches": 0, "missing_branches": 0, "percent_branches_covered": 100.0, "percent_branches_covered_display": "100"}, "missing_lines": [], "excluded_lines": [], "start_line": 226, "executed_branches": [], "missing_branches": []}, "OpenRouterChatGenerator._prepare_api_call": {"executed_lines": [263, 264, 266, 267, 269, 270, 271, 272, 275, 279, 280, 281, 283, 284, 285, 287, 288, 289, 290, 291, 292, 293, 294, 295, 296, 298, 307, 317, 320, 321, 322], "summary": {"covered_lines": 31, "num_statements": 32, "percent_covered": 93.75, "percent_covered_display": "94", "missing_lines": 1, "excluded_lines": 0, "percent_statements_covered": 96.875, "percent_statements_covered_display": "97", "num_branches": 16, "num_partial_branches": 2, "covered_branches": 14, "missing_branches": 2, "percent_branches_covered": 87.5, "percent_branches_covered_display": "88"}, "missing_lines": [312], "excluded_lines": [], "start_line": 253, "executed_branches": [[269, 270], [269, 272], [279, 280], [279, 283], [280, 279], [280, 281], [288, 289], [288, 298], [290, 291], [290, 296], [292, 293], [307, 317], [320, 321], [320, 322]], "missing_branches": [[292, 295], [307, 312]]}, "OpenRouterChatGenerator.run": {"executed_lines": [356, 357, 359, 360, 362, 368, 369, 370, 371, 376, 383, 385, 387, 391, 392, 397, 398, 400], "summary": {"covered_lines": 18, "num_statements": 19, "percent_covered": 89.65517241379311, "percent_covered_display": "90", "missing_lines": 1, "excluded_lines": 0, "percent_statements_covered": 94.73684210526316, "percent_statements_covered_display": "95", "num_branches": 10, "num_partial_branches": 2, "covered_branches": 8, "missing_branches": 2, "percent_branches_covered": 80.0, "percent_branches_covered_display": "80"}, "missing_lines": [389], "excluded_lines": [], "start_line": 325, "executed_branches": [[359, 360], [359, 362], [368, 369], [368, 376], [370, 371], [387, 391], [397, 398], [397, 400]], "missing_branches": [[370, 376], [387, 389]]}, "OpenRouterChatGenerator.run_async": {"executed_lines": [431, 432, 434, 438, 439, 441, 447, 455, 462, 464, 466, 470, 471, 476, 477, 479], "summary": {"covered_lines": 16, "num_statements": 21, "percent_covered": 69.6969696969697, "percent_covered_display": "70", "missing_lines": 5, "excluded_lines": 0, "percent_statements_covered": 76.19047619047619, "percent_statements_covered_display": "76", "num_branches": 12, "num_partial_branches": 3, "covered_branches": 7, "missing_branches": 5, "percent_branches_covered": 58.333333333333336, "percent_branches_covered_display": "58"}, "missing_lines": [436, 448, 449, 450, 468], "excluded_lines": [], "start_line": 403, "executed_branches": [[432, 434], [438, 439], [438, 441], [447, 455], [466, 470], [476, 477], [476, 479]], "missing_branches": [[432, 436], [447, 448], [449, 450], [449, 455], [466, 468]]}, "": {"executed_lines": [5, 6, 8, 9, 10, 11, 12, 19, 20, 21, 22, 23, 25, 28, 66, 104, 105, 150, 226, 253, 324, 325, 402, 403], "summary": {"covered_lines": 24, "num_statements": 24, "percent_covered": 100.0, "percent_covered_display": "100", "missing_lines": 0, "excluded_lines": 0, "percent_statements_covered": 100.0, "percent_statements_covered_display": "100", "num_branches": 0, "num_partial_branches": 0,