{"coverage": 87.95811518324608, "raw_data": {"meta": {"format": 3, "version": "7.13.5", "timestamp": "2026-05-19T14:32:40.055858", "branch_coverage": true, "show_contexts": false}, "files": {"src/haystack_integrations/components/evaluators/ragas/evaluator.py": {"executed_lines": [1, 2, 3, 5, 6, 7, 9, 10, 11, 12, 15, 16, 54, 65, 66, 67, 69, 70, 77, 78, 79, 81, 88, 90, 91, 105, 106, 107, 109, 110, 133, 134, 136, 137, 146, 147, 149, 150, 151, 153, 155, 156, 179, 180, 182, 183, 192, 193, 195, 197, 198, 199, 201, 202, 204, 206, 214, 215, 216, 222, 223, 224, 226, 234, 235, 236, 242, 243, 244, 246, 253, 254, 256, 258, 260, 262, 264, 265, 267, 274, 278, 279, 282, 288, 289, 290, 293, 294, 295, 296, 297, 298, 299, 305, 307, 309, 312, 316, 322, 324, 331, 340], "summary": {"covered_lines": 102, "num_statements": 115, "percent_covered": 84.39716312056737, "percent_covered_display": "84", "missing_lines": 13, "excluded_lines": 0, "percent_statements_covered": 88.69565217391305, "percent_statements_covered_display": "89", "num_branches": 26, "num_partial_branches": 7, "covered_branches": 17, "missing_branches": 9, "percent_branches_covered": 65.38461538461539, "percent_branches_covered_display": "65"}, "missing_lines": [275, 276, 277, 280, 310, 311, 313, 314, 315, 317, 318, 319, 320], "excluded_lines": [], "executed_branches": [[77, -69], [77, 78], [150, 151], [150, 153], [253, 254], [253, 256], [256, 258], [256, 260], [260, 262], [260, 264], [274, 278], [278, 279], [288, 289], [290, 293], [309, 312], [312, 316], [316, 322]], "missing_branches": [[274, 275], [275, 276], [275, 277], [278, 280], [288, -282], [290, -282], [309, 310], [312, 313], [316, 317]], "functions": {"RagasEvaluator.__init__": {"executed_lines": [65, 66, 67], "summary": {"covered_lines": 3, "num_statements": 3, "percent_covered": 100.0, "percent_covered_display": "100", "missing_lines": 0, "excluded_lines": 0, "percent_statements_covered": 100.0, "percent_statements_covered_display": "100", "num_branches": 0, "num_partial_branches": 0, "covered_branches": 0, "missing_branches": 0, "percent_branches_covered": 100.0, "percent_branches_covered_display": "100"}, "missing_lines": [], "excluded_lines": [], "start_line": 54, "executed_branches": [], "missing_branches": []}, "RagasEvaluator._validate_inputs": {"executed_lines": [77, 78, 79], "summary": {"covered_lines": 3, "num_statements": 3, "percent_covered": 100.0, "percent_covered_display": "100", "missing_lines": 0, "excluded_lines": 0, "percent_statements_covered": 100.0, "percent_statements_covered_display": "100", "num_branches": 2, "num_partial_branches": 0, "covered_branches": 2, "missing_branches": 0, "percent_branches_covered": 100.0, "percent_branches_covered_display": "100"}, "missing_lines": [], "excluded_lines": [], "start_line": 70, "executed_branches": [[77, -69], [77, 78]], "missing_branches": []}, "RagasEvaluator.to_dict": {"executed_lines": [88], "summary": {"covered_lines": 1, "num_statements": 1, "percent_covered": 100.0, "percent_covered_display": "100", "missing_lines": 0, "excluded_lines": 0, "percent_statements_covered": 100.0, "percent_statements_covered_display": "100", "num_branches": 0, "num_partial_branches": 0, "covered_branches": 0, "missing_branches": 0, "percent_branches_covered": 100.0, "percent_branches_covered_display": "100"}, "missing_lines": [], "excluded_lines": [], "start_line": 81, "executed_branches": [], "missing_branches": []}, "RagasEvaluator.from_dict": {"executed_lines": [105, 106, 107], "summary": {"covered_lines": 3, "num_statements": 3, "percent_covered": 100.0, "percent_covered_display": "100", "missing_lines": 0, "excluded_lines": 0, "percent_statements_covered": 100.0, "percent_statements_covered_display": "100", "num_branches": 0, "num_partial_branches": 0, "covered_branches": 0, "missing_branches": 0, "percent_branches_covered": 100.0, "percent_branches_covered_display": "100"}, "missing_lines": [], "excluded_lines": [], "start_line": 91, "executed_branches": [], "missing_branches": []}, "RagasEvaluator.run": {"executed_lines": [133, 134, 136, 137, 146, 147, 149, 150, 151, 153], "summary": {"covered_lines": 10, "num_statements": 10, "percent_covered": 100.0, "percent_covered_display": "100", "missing_lines": 0, "excluded_lines": 0, "percent_statements_covered": 100.0, "percent_statements_covered_display": "100", "num_branches": 2, "num_partial_branches": 0, "covered_branches": 2, "missing_branches": 0, "percent_branches_covered": 100.0, "percent_branches_covered_display": "100"}, "missing_lines": [], "excluded_lines": [], "start_line": 110, "executed_branches": [[150, 151], [150, 153]], "missing_branches": []}, "RagasEvaluator.run_async": {"executed_lines": [179, 180, 182, 183, 192, 193, 195, 197, 201, 202, 204], "summary": {"covered_lines": 11, "num_statements": 11, "percent_covered": 100.0, "percent_covered_display": "100", "missing_lines": 0, "excluded_lines": 0, "percent_statements_covered": 100.0, "percent_statements_covered_display": "100", "num_branches": 0, "num_partial_branches": 0, "covered_branches": 0, "missing_branches": 0, "percent_branches_covered": 100.0, "percent_branches_covered_display": "100"}, "missing_lines": [], "excluded_lines": [], "start_line": 156, "executed_branches": [], "missing_branches": []}, "RagasEvaluator.run_async._runner": {"executed_lines": [198, 199], "summary": {"covered_lines": 2, "num_statements": 2, "percent_covered": 100.0, "percent_covered_display": "100", "missing_lines": 0, "excluded_lines": 0, "percent_statements_covered": 100.0, "percent_statements_covered_display": "100", "num_branches": 0, "num_partial_branches": 0, "covered_branches": 0, "missing_branches": 0, "percent_branches_covered": 100.0, "percent_branches_covered_display": "100"}, "missing_lines": [], "excluded_lines": [], "start_line": 197, "executed_branches": [], "missing_branches": []}, "RagasEvaluator._score_metric": {"executed_lines": [214, 215, 216, 222, 223, 224], "summary": {"covered_lines": 6, "num_statements": 6, "percent_covered": 100.0, "percent_covered_display": "100", "missing_lines": 0, "excluded_lines": 0, "percent_statements_covered": 100.0, "percent_statements_covered_display": "100", "num_branches": 0, "num_partial_branches": 0, "covered_branches": 0, "missing_branches": 0, "percent_branches_covered": 100.0, "percent_branches_covered_display": "100"}, "missing_lines": [], "excluded_lines": [], "start_line": 206, "executed_branches": [], "missing_branches": []}, "RagasEvaluator._score_metric_async": {"executed_lines": [234, 235, 236, 242, 243, 244], "summary": {"covered_lines": 6, "num_statements": 6, "percent_covered": 100.0, "percent_covered_display": "100", "missing_lines": 0, "excluded_lines": 0, "percent_statements_covered": 100.0, "percent_statements_covered_display": "100", "num_branches": 0, "num_partial_branches": 0, "covered_branches": 0, "missing_branches": 0, "percent_branches_covered": 100.0, "percent_branches_covered_display": "100"}, "missing_lines": [], "excluded_lines": [], "start_line": 226, "executed_branches": [], "missing_branches": []}, "RagasEvaluator._process_documents": {"executed_lines": [253, 254, 256, 258, 260, 262, 264, 265], "summary": {"covered_lines": 8, "num_statements": 8, "percent_covered": 100.0, "percent_covered_display": "100", "missing_lines": 0, "excluded_lines": 0, "percent_statements_covered": 100.0, "percent_statements_covered_display": "100", "num_branches": 6, "num_partial_branches": 0, "covered_branches": 6, "missing_branches": 0, "percent_branches_covered": 100.0, "percent_branches_covered_display": "100"}, "missing_lines": [], "excluded_lines": [], "start_line": 246, "executed_branches": [[253, 254], [253, 256], [256, 258], [256, 260], [260, 262], [260, 264]], "missing_branches": []}, "RagasEvaluator._process_response": {"executed_lines": [274, 278, 279], "summary": {"covered_lines": 3, "num_statements": 7, "percent_covered": 38.46153846153846, "percent_covered_display": "38", "missing_lines": 4, "excluded_lines": 0,