{"coverage": 82.4074074074074, "raw_data": {"meta": {"format": 3, "version": "7.14.3", "timestamp": "2026-07-21T13:17:13.622574", "branch_coverage": true, "show_contexts": false}, "files": {"src/haystack_integrations/components/extractors/spacy/named_entity_extractor.py": {"executed_lines": [5, 6, 7, 8, 10, 11, 12, 14, 15, 18, 19, 36, 39, 40, 64, 66, 89, 90, 91, 93, 94, 95, 97, 98, 100, 107, 108, 110, 112, 113, 115, 116, 117, 127, 128, 129, 131, 132, 145, 146, 148, 149, 151, 152, 156, 158, 159, 160, 161, 163, 165, 177, 178, 179, 193, 200, 207, 208, 217, 218, 219, 220, 221, 223, 224, 228, 230, 231, 243, 244, 248, 249, 250, 251, 253, 255], "summary": {"covered_lines": 76, "num_statements": 88, "percent_covered": 82.4074074074074, "percent_covered_display": "82", "missing_lines": 12, "excluded_lines": 0, "percent_statements_covered": 86.36363636363636, "percent_statements_covered_display": "86", "num_branches": 20, "num_partial_branches": 3, "covered_branches": 13, "missing_branches": 7, "percent_branches_covered": 65.0, "percent_branches_covered_display": "65"}, "missing_lines": [120, 121, 122, 123, 125, 126, 181, 182, 183, 185, 241, 252], "excluded_lines": [], "executed_branches": [[93, 94], [93, 97], [107, 108], [107, 110], [115, 116], [145, 146], [145, 148], [151, 152], [151, 158], [159, 160], [159, 163], [177, 178], [251, 253]], "missing_branches": [[115, 120], [121, 122], [121, 125], [122, 121], [122, 123], [177, 181], [251, 252]], "functions": {"SpacyNamedEntityExtractor.__init__": {"executed_lines": [89, 90, 91, 93, 94, 95, 97, 98], "summary": {"covered_lines": 8, "num_statements": 8, "percent_covered": 100.0, "percent_covered_display": "100", "missing_lines": 0, "excluded_lines": 0, "percent_statements_covered": 100.0, "percent_statements_covered_display": "100", "num_branches": 2, "num_partial_branches": 0, "covered_branches": 2, "missing_branches": 0, "percent_branches_covered": 100.0, "percent_branches_covered_display": "100"}, "missing_lines": [], "excluded_lines": [], "start_line": 66, "executed_branches": [[93, 94], [93, 97]], "missing_branches": []}, "SpacyNamedEntityExtractor.warm_up": {"executed_lines": [107, 108, 110, 112, 113, 115, 116, 117, 127, 128, 129], "summary": {"covered_lines": 11, "num_statements": 17, "percent_covered": 56.0, "percent_covered_display": "56", "missing_lines": 6, "excluded_lines": 0, "percent_statements_covered": 64.70588235294117, "percent_statements_covered_display": "65", "num_branches": 8, "num_partial_branches": 1, "covered_branches": 3, "missing_branches": 5, "percent_branches_covered": 37.5, "percent_branches_covered_display": "38"}, "missing_lines": [120, 121, 122, 123, 125, 126], "excluded_lines": [], "start_line": 100, "executed_branches": [[107, 108], [107, 110], [115, 116]], "missing_branches": [[115, 120], [121, 122], [121, 125], [122, 121], [122, 123]]}, "SpacyNamedEntityExtractor.run": {"executed_lines": [145, 146, 148, 149, 151, 152, 156, 158, 159, 160, 161, 163], "summary": {"covered_lines": 12, "num_statements": 12, "percent_covered": 100.0, "percent_covered_display": "100", "missing_lines": 0, "excluded_lines": 0, "percent_statements_covered": 100.0, "percent_statements_covered_display": "100", "num_branches": 6, "num_partial_branches": 0, "covered_branches": 6, "missing_branches": 0, "percent_branches_covered": 100.0, "percent_branches_covered_display": "100"}, "missing_lines": [], "excluded_lines": [], "start_line": 132, "executed_branches": [[145, 146], [145, 148], [151, 152], [151, 158], [159, 160], [159, 163]], "missing_branches": []}, "SpacyNamedEntityExtractor._annotate": {"executed_lines": [177, 178, 179], "summary": {"covered_lines": 3, "num_statements": 7, "percent_covered": 44.44444444444444, "percent_covered_display": "44", "missing_lines": 4, "excluded_lines": 0, "percent_statements_covered": 42.857142857142854, "percent_statements_covered_display": "43", "num_branches": 2, "num_partial_branches": 1, "covered_branches": 1, "missing_branches": 1, "percent_branches_covered": 50.0, "percent_branches_covered_display": "50"}, "missing_lines": [181, 182, 183, 185], "excluded_lines": [], "start_line": 165, "executed_branches": [[177, 178]], "missing_branches": [[177, 181]]}, "SpacyNamedEntityExtractor.to_dict": {"executed_lines": [200], "summary": {"covered_lines": 1, "num_statements": 1, "percent_covered": 100.0, "percent_covered_display": "100", "missing_lines": 0, "excluded_lines": 0, "percent_statements_covered": 100.0, "percent_statements_covered_display": "100", "num_branches": 0, "num_partial_branches": 0, "covered_branches": 0, "missing_branches": 0, "percent_branches_covered": 100.0, "percent_branches_covered_display": "100"}, "missing_lines": [], "excluded_lines": [], "start_line": 193, "executed_branches": [], "missing_branches": []}, "SpacyNamedEntityExtractor.from_dict": {"executed_lines": [217, 218, 219, 220, 221], "summary": {"covered_lines": 5, "num_statements": 5, "percent_covered": 100.0, "percent_covered_display": "100", "missing_lines": 0, "excluded_lines": 0, "percent_statements_covered": 100.0, "percent_statements_covered_display": "100", "num_branches": 0, "num_partial_branches": 0, "covered_branches": 0, "missing_branches": 0, "percent_branches_covered": 100.0, "percent_branches_covered_display": "100"}, "missing_lines": [], "excluded_lines": [], "start_line": 208, "executed_branches": [], "missing_branches": []}, "SpacyNamedEntityExtractor.initialized": {"executed_lines": [228], "summary": {"covered_lines": 1, "num_statements": 1, "percent_covered": 100.0, "percent_covered_display": "100", "missing_lines": 0, "excluded_lines": 0, "percent_statements_covered": 100.0, "percent_statements_covered_display": "100", "num_branches": 0, "num_partial_branches": 0, "covered_branches": 0, "missing_branches": 0, "percent_branches_covered": 100.0, "percent_branches_covered_display": "100"}, "missing_lines": [], "excluded_lines": [], "start_line": 224, "executed_branches": [], "missing_branches": []}, "SpacyNamedEntityExtractor.get_stored_annotations": {"executed_lines": [], "summary": {"covered_lines": 0, "num_statements": 1, "percent_covered": 0.0, "percent_covered_display": "0", "missing_lines": 1, "excluded_lines": 0, "percent_statements_covered": 0.0, "percent_statements_covered_display": "0", "num_branches": 0, "num_partial_branches": 0, "covered_branches": 0, "missing_branches": 0, "percent_branches_covered": 100.0, "percent_branches_covered_display": "100"}, "missing_lines": [241], "excluded_lines": [], "start_line": 231, "executed_branches": [], "missing_branches": []}, "SpacyNamedEntityExtractor._select_device": {"executed_lines": [248, 249, 250, 251, 253, 255], "summary": {"covered_lines": 6, "num_statements": 7, "percent_covered": 77.77777777777777, "percent_covered_display": "78", "missing_lines": 1, "excluded_lines": 0, "percent_statements_covered": 85.71428571428571, "percent_statements_covered_display": "86", "num_branches": 2, "num_partial_branches": 1, "covered_branches": 1, "missing_branches": 1, "percent_branches_covered": 50.0, "percent_branches_covered_display": "50"}, "missing_lines": [252], "excluded_lines": [], "start_line": 244, "executed_branches": [[251, 253]], "missing_branches": [[251, 252]]}, "": {"executed_lines": [5, 6, 7, 8, 10, 11, 12, 14, 15, 18, 19, 36, 39, 40, 64, 66, 100, 131, 132, 165, 193, 207, 208, 223, 224, 230, 231, 243, 244], "summary": {"covered_lines": 29, "num_statements": 29, "percent_covered": 100.0, "percent_covered_display": "100", "missing_lines": 0, "excluded_lines": 0, "percent_statements_covered": 100.0, "percent_statements_covered_display": "100", "num_branches": 0, "num_partial_branches": 0, "covered_branches": 0, "missing_branches": 0, "percent_branches_covered": 100.0, "percent_branches_covered_display": "100"}, "missing_lines": [], "excluded_lines": [], "start_line": 1, "executed_branches": [], "missing_branches": []}}, "classes": {"NamedEntityAnnotation": {"executed_lines": [], "summary": {"covered_lines": 0,