{"coverage": 86.22754491017965, "raw_data": {"meta": {"format": 3, "version": "7.13.5", "timestamp": "2026-04-23T12:55:23.795683", "branch_coverage": true, "show_contexts": false}, "files": {"src/haystack_integrations/components/evaluators/ragas/evaluator.py": {"executed_lines": [1, 2, 4, 5, 6, 8, 9, 10, 11, 14, 15, 53, 62, 63, 65, 66, 73, 74, 75, 77, 84, 86, 87, 101, 102, 103, 105, 106, 129, 130, 132, 133, 142, 143, 145, 146, 147, 149, 151, 159, 160, 161, 167, 168, 169, 171, 178, 179, 181, 183, 185, 187, 189, 190, 192, 199, 203, 204, 207, 213, 214, 215, 218, 219, 220, 221, 222, 223, 224, 230, 232, 234, 237, 241, 247, 249, 256, 265], "summary": {"covered_lines": 78, "num_statements": 91, "percent_covered": 81.19658119658119, "percent_covered_display": "81", "missing_lines": 13, "excluded_lines": 0, "percent_statements_covered": 85.71428571428571, "percent_statements_covered_display": "86", "num_branches": 26, "num_partial_branches": 7, "covered_branches": 17, "missing_branches": 9, "percent_branches_covered": 65.38461538461539, "percent_branches_covered_display": "65"}, "missing_lines": [200, 201, 202, 205, 235, 236, 238, 239, 240, 242, 243, 244, 245], "excluded_lines": [], "executed_branches": [[73, -65], [73, 74], [146, 147], [146, 149], [178, 179], [178, 181], [181, 183], [181, 185], [185, 187], [185, 189], [199, 203], [203, 204], [213, 214], [215, 218], [234, 237], [237, 241], [241, 247]], "missing_branches": [[199, 200], [200, 201], [200, 202], [203, 205], [213, -207], [215, -207], [234, 235], [237, 238], [241, 242]], "functions": {"RagasEvaluator.__init__": {"executed_lines": [62, 63], "summary": {"covered_lines": 2, "num_statements": 2, "percent_covered": 100.0, "percent_covered_display": "100", "missing_lines": 0, "excluded_lines": 0, "percent_statements_covered": 100.0, "percent_statements_covered_display": "100", "num_branches": 0, "num_partial_branches": 0, "covered_branches": 0, "missing_branches": 0, "percent_branches_covered": 100.0, "percent_branches_covered_display": "100"}, "missing_lines": [], "excluded_lines": [], "start_line": 53, "executed_branches": [], "missing_branches": []}, "RagasEvaluator._validate_inputs": {"executed_lines": [73, 74, 75], "summary": {"covered_lines": 3, "num_statements": 3, "percent_covered": 100.0, "percent_covered_display": "100", "missing_lines": 0, "excluded_lines": 0, "percent_statements_covered": 100.0, "percent_statements_covered_display": "100", "num_branches": 2, "num_partial_branches": 0, "covered_branches": 2, "missing_branches": 0, "percent_branches_covered": 100.0, "percent_branches_covered_display": "100"}, "missing_lines": [], "excluded_lines": [], "start_line": 66, "executed_branches": [[73, -65], [73, 74]], "missing_branches": []}, "RagasEvaluator.to_dict": {"executed_lines": [84], "summary": {"covered_lines": 1, "num_statements": 1, "percent_covered": 100.0, "percent_covered_display": "100", "missing_lines": 0, "excluded_lines": 0, "percent_statements_covered": 100.0, "percent_statements_covered_display": "100", "num_branches": 0, "num_partial_branches": 0, "covered_branches": 0, "missing_branches": 0, "percent_branches_covered": 100.0, "percent_branches_covered_display": "100"}, "missing_lines": [], "excluded_lines": [], "start_line": 77, "executed_branches": [], "missing_branches": []}, "RagasEvaluator.from_dict": {"executed_lines": [101, 102, 103], "summary": {"covered_lines": 3, "num_statements": 3, "percent_covered": 100.0, "percent_covered_display": "100", "missing_lines": 0, "excluded_lines": 0, "percent_statements_covered": 100.0, "percent_statements_covered_display": "100", "num_branches": 0, "num_partial_branches": 0, "covered_branches": 0, "missing_branches": 0, "percent_branches_covered": 100.0, "percent_branches_covered_display": "100"}, "missing_lines": [], "excluded_lines": [], "start_line": 87, "executed_branches": [], "missing_branches": []}, "RagasEvaluator.run": {"executed_lines": [129, 130, 132, 133, 142, 143, 145, 146, 147, 149], "summary": {"covered_lines": 10, "num_statements": 10, "percent_covered": 100.0, "percent_covered_display": "100", "missing_lines": 0, "excluded_lines": 0, "percent_statements_covered": 100.0, "percent_statements_covered_display": "100", "num_branches": 2, "num_partial_branches": 0, "covered_branches": 2, "missing_branches": 0, "percent_branches_covered": 100.0, "percent_branches_covered_display": "100"}, "missing_lines": [], "excluded_lines": [], "start_line": 106, "executed_branches": [[146, 147], [146, 149]], "missing_branches": []}, "RagasEvaluator._score_metric": {"executed_lines": [159, 160, 161, 167, 168, 169], "summary": {"covered_lines": 6, "num_statements": 6, "percent_covered": 100.0, "percent_covered_display": "100", "missing_lines": 0, "excluded_lines": 0, "percent_statements_covered": 100.0, "percent_statements_covered_display": "100", "num_branches": 0, "num_partial_branches": 0, "covered_branches": 0, "missing_branches": 0, "percent_branches_covered": 100.0, "percent_branches_covered_display": "100"}, "missing_lines": [], "excluded_lines": [], "start_line": 151, "executed_branches": [], "missing_branches": []}, "RagasEvaluator._process_documents": {"executed_lines": [178, 179, 181, 183, 185, 187, 189, 190], "summary": {"covered_lines": 8, "num_statements": 8, "percent_covered": 100.0, "percent_covered_display": "100", "missing_lines": 0, "excluded_lines": 0, "percent_statements_covered": 100.0, "percent_statements_covered_display": "100", "num_branches": 6, "num_partial_branches": 0, "covered_branches": 6, "missing_branches": 0, "percent_branches_covered": 100.0, "percent_branches_covered_display": "100"}, "missing_lines": [], "excluded_lines": [], "start_line": 171, "executed_branches": [[178, 179], [178, 181], [181, 183], [181, 185], [185, 187], [185, 189]], "missing_branches": []}, "RagasEvaluator._process_response": {"executed_lines": [199, 203, 204], "summary": {"covered_lines": 3, "num_statements": 7, "percent_covered": 38.46153846153846, "percent_covered_display": "38", "missing_lines": 4, "excluded_lines": 0, "percent_statements_covered": 42.857142857142854, "percent_statements_covered_display": "43", "num_branches": 6, "num_partial_branches": 2, "covered_branches": 2, "missing_branches": 4, "percent_branches_covered": 33.333333333333336, "percent_branches_covered_display": "33"}, "missing_lines": [200, 201, 202, 205], "excluded_lines": [], "start_line": 192, "executed_branches": [[199, 203], [203, 204]], "missing_branches": [[199, 200], [200, 201], [200, 202], [203, 205]]}, "RagasEvaluator._handle_conversion_error": {"executed_lines": [213, 214, 215, 218, 219, 220, 221, 222, 223, 224, 230], "summary": {"covered_lines": 11, "num_statements": 11, "percent_covered": 86.66666666666667, "percent_covered_display": "87", "missing_lines": 0, "excluded_lines": 0, "percent_statements_covered": 100.0, "percent_statements_covered_display": "100", "num_branches": 4, "num_partial_branches": 2, "covered_branches": 2, "missing_branches": 2, "percent_branches_covered": 50.0, "percent_branches_covered_display": "50"}, "missing_lines": [], "excluded_lines": [], "start_line": 207, "executed_branches": [[213, 214], [215, 218]], "missing_branches": [[213, -207], [215, -207]]}, "RagasEvaluator._get_expected_type_description": {"executed_lines": [234, 237, 241, 247], "summary": {"covered_lines": 4, "num_statements": 13, "percent_covered": 36.8421052631579, "percent_covered_display": "37", "missing_lines": 9, "excluded_lines": 0, "percent_statements_covered": 30.76923076923077, "percent_statements_covered_display": "31", "num_branches": 6, "num_partial_branches": 3, "covered_branches": 3, "missing_branches": 3, "percent_branches_covered": 50.0, "percent_branches_covered_display": "50"}, "missing_lines": [235, 236, 238, 239, 240, 242, 243, 244, 245], "excluded_lines": [], "start_line": 232, "executed_branches": [[234, 237], [237, 241], [241, 247]], "missing_branches": [[234, 235], [237, 238], [241, 242]]},