{"coverage": 93.11377245508982, "raw_data": {"meta": {"format": 3, "version": "7.14.3", "timestamp": "2026-07-20T14:23:17.117835", "branch_coverage": true, "show_contexts": false}, "files": {"src/haystack_integrations/components/generators/llama_cpp/chat/chat_generator.py": {"executed_lines": [5, 6, 7, 8, 9, 11, 12, 13, 23, 24, 31, 32, 46, 47, 49, 51, 58, 61, 65, 66, 67, 68, 70, 71, 74, 75, 76, 77, 79, 82, 83, 84, 86, 87, 88, 89, 91, 94, 100, 101, 103, 105, 107, 108, 109, 110, 114, 116, 117, 118, 119, 120, 122, 123, 125, 128, 130, 131, 133, 134, 136, 137, 138, 139, 140, 141, 142, 150, 152, 158, 159, 200, 241, 242, 246, 247, 248, 250, 252, 254, 255, 256, 257, 259, 260, 261, 262, 263, 265, 266, 267, 268, 269, 270, 271, 272, 273, 274, 275, 277, 279, 281, 284, 285, 286, 287, 290, 292, 294, 296, 303, 304, 317, 318, 327, 328, 335, 337, 338, 364, 365, 366, 368, 369, 371, 372, 374, 375, 376, 378, 379, 380, 381, 392, 398, 399, 402, 409, 412, 413, 417, 418, 422, 423, 425, 426, 455, 456, 457, 465, 466, 481, 483, 485, 486, 487, 488, 493, 495, 496, 497, 501, 502, 504, 505, 507, 508, 509, 510, 511, 513, 514, 515, 517, 520, 522, 532, 534, 547, 550, 551, 556, 557, 559, 560, 563, 564, 565, 567, 568, 569, 570, 571, 572, 584, 586, 595], "summary": {"covered_lines": 197, "num_statements": 210, "percent_covered": 93.10344827586206, "percent_covered_display": "93", "missing_lines": 13, "excluded_lines": 0, "percent_statements_covered": 93.80952380952381, "percent_statements_covered_display": "94", "num_branches": 80, "num_partial_branches": 7, "covered_branches": 73, "missing_branches": 7, "percent_branches_covered": 91.25, "percent_branches_covered_display": "91"}, "missing_lines": [92, 93, 154, 155, 282, 332, 414, 415, 552, 553, 554, 575, 576], "excluded_lines": [], "executed_branches": [[70, 71], [70, 75], [75, 76], [75, 79], [82, 83], [82, 86], [86, 87], [86, 100], [87, 88], [87, 91], [91, 94], [100, 101], [100, 103], [103, 105], [103, 130], [105, 107], [105, 128], [107, 108], [107, 116], [108, 107], [108, 109], [117, 118], [117, 125], [118, 119], [118, 120], [120, 122], [130, 131], [133, 134], [133, 136], [136, 137], [136, 152], [138, 139], [138, 150], [139, 140], [139, 142], [254, 255], [254, 265], [255, 256], [255, 259], [281, 284], [285, 286], [285, 290], [290, 292], [290, 294], [328, 335], [365, 366], [365, 368], [368, 369], [368, 371], [379, 380], [379, 392], [380, 381], [380, 392], [398, 399], [398, 409], [413, 417], [417, 418], [417, 423], [485, 486], [485, 556], [495, 496], [504, 505], [504, 507], [508, 509], [508, 532], [509, 510], [509, 532], [513, 514], [513, 517], [567, 568], [567, 584], [568, 569], [568, 584]], "missing_branches": [[91, 92], [120, 117], [130, 154], [281, 282], [328, 332], [413, 414], [495, 532]], "functions": {"_convert_message_to_llamacpp_format": {"executed_lines": [65, 66, 67, 68, 70, 71, 74, 75, 76, 77, 79, 82, 83, 84, 86, 87, 88, 89, 91, 94, 100, 101, 103, 105, 107, 108, 109, 110, 114, 116, 117, 118, 119, 120, 122, 123, 125, 128, 130, 131, 133, 134, 136, 137, 138, 139, 140, 141, 142, 150, 152], "summary": {"covered_lines": 51, "num_statements": 55, "percent_covered": 92.47311827956989, "percent_covered_display": "92", "missing_lines": 4, "excluded_lines": 0, "percent_statements_covered": 92.72727272727273, "percent_statements_covered_display": "93", "num_branches": 38, "num_partial_branches": 3, "covered_branches": 35, "missing_branches": 3, "percent_branches_covered": 92.10526315789474, "percent_branches_covered_display": "92"}, "missing_lines": [92, 93, 154, 155], "excluded_lines": [], "start_line": 61, "executed_branches": [[70, 71], [70, 75], [75, 76], [75, 79], [82, 83], [82, 86], [86, 87], [86, 100], [87, 88], [87, 91], [91, 94], [100, 101], [100, 103], [103, 105], [103, 130], [105, 107], [105, 128], [107, 108], [107, 116], [108, 107], [108, 109], [117, 118], [117, 125], [118, 119], [118, 120], [120, 122], [130, 131], [133, 134], [133, 136], [136, 137], [136, 152], [138, 139], [138, 150], [139, 140], [139, 142]], "missing_branches": [[91, 92], [120, 117], [130, 154]]}, "LlamaCppChatGenerator.__init__": {"executed_lines": [241, 242, 246, 247, 248, 250, 252, 254, 255, 256, 257, 259, 260, 261, 262, 263, 265, 266, 267, 268, 269, 270, 271, 272, 273, 274, 275, 277], "summary": {"covered_lines": 28, "num_statements": 28, "percent_covered": 100.0, "percent_covered_display": "100", "missing_lines": 0, "excluded_lines": 0, "percent_statements_covered": 100.0, "percent_statements_covered_display": "100", "num_branches": 4, "num_partial_branches": 0, "covered_branches": 4, "missing_branches": 0, "percent_branches_covered": 100.0, "percent_branches_covered_display": "100"}, "missing_lines": [], "excluded_lines": [], "start_line": 200, "executed_branches": [[254, 255], [254, 265], [255, 256], [255, 259]], "missing_branches": []}, "LlamaCppChatGenerator.warm_up": {"executed_lines": [281, 284, 285, 286, 287, 290, 292, 294], "summary": {"covered_lines": 8, "num_statements": 9, "percent_covered": 86.66666666666667, "percent_covered_display": "87", "missing_lines": 1, "excluded_lines": 0, "percent_statements_covered": 88.88888888888889, "percent_statements_covered_display": "89", "num_branches": 6, "num_partial_branches": 1, "covered_branches": 5, "missing_branches": 1, "percent_branches_covered": 83.33333333333333, "percent_branches_covered_display": "83"}, "missing_lines": [282], "excluded_lines": [], "start_line": 279, "executed_branches": [[281, 284], [285, 286], [285, 290], [290, 292], [290, 294]], "missing_branches": [[281, 282]]}, "LlamaCppChatGenerator.to_dict": {"executed_lines": [303, 304], "summary": {"covered_lines": 2, "num_statements": 2, "percent_covered": 100.0, "percent_covered_display": "100", "missing_lines": 0, "excluded_lines": 0, "percent_statements_covered": 100.0, "percent_statements_covered_display": "100", "num_branches": 0, "num_partial_branches": 0, "covered_branches": 0, "missing_branches": 0, "percent_branches_covered": 100.0, "percent_branches_covered_display": "100"}, "missing_lines": [], "excluded_lines": [], "start_line": 296, "executed_branches": [], "missing_branches": []}, "LlamaCppChatGenerator.from_dict": {"executed_lines": [327, 328, 335], "summary": {"covered_lines": 3, "num_statements": 4, "percent_covered": 66.66666666666667, "percent_covered_display": "67", "missing_lines": 1, "excluded_lines": 0, "percent_statements_covered": 75.0, "percent_statements_covered_display": "75", "num_branches": 2, "num_partial_branches": 1, "covered_branches": 1, "missing_branches": 1, "percent_branches_covered": 50.0, "percent_branches_covered_display": "50"}, "missing_lines": [332], "excluded_lines": [], "start_line": 318, "executed_branches": [[328, 335]], "missing_branches": [[328, 332]]}, "LlamaCppChatGenerator.run": {"executed_lines": [364, 365, 366, 368, 369, 371, 372, 374, 375, 376, 378, 379, 380, 381, 392, 398, 399, 402, 409, 412, 413, 417, 418, 422, 423], "summary": {"covered_lines": 25, "num_statements": 27, "percent_covered": 92.6829268292683, "percent_covered_display": "93", "missing_lines": 2, "excluded_lines": 0, "percent_statements_covered": 92.5925925925926, "percent_statements_covered_display": "93", "num_branches": 14, "num_partial_branches": 1, "covered_branches": 13, "missing_branches": 1, "percent_branches_covered": 92.85714285714286, "percent_branches_covered_display": "93"}, "missing_lines": [414, 415], "excluded_lines": [], "start_line": 338, "executed_branches": [[365, 366], [365, 368], [368, 369], [368, 371], [379, 380], [379, 392], [380, 381], [380, 392], [398, 399], [398, 409], [413, 417], [417, 418], [417, 423]], "missing_branches": [[413, 414]]}, "LlamaCppChatGenerator.run_async": {"executed_lines": [455, 456, 457], "summary": {"covered_lines": 3, "num_statements": 3, "percent_covered": 100.0, "percent_covered_display": "100", "missing_lines": 0, "excluded_lines": 0, "percent_statements_covered": 100.0, "percent_statements_covered_display": "100", "num_branches": 0,