{"coverage": 90.9090909090909, "raw_data": {"meta": {"format": 3, "version": "7.14.2", "timestamp": "2026-06-25T07:47:25.066036", "branch_coverage": true, "show_contexts": false}, "files": {"src/haystack_integrations/components/generators/openrouter/chat/chat_generator.py": {"executed_lines": [5, 6, 8, 9, 10, 11, 12, 19, 20, 21, 22, 23, 25, 28, 32, 33, 35, 36, 38, 39, 40, 41, 42, 43, 45, 49, 50, 51, 52, 53, 54, 55, 56, 57, 59, 60, 61, 63, 66, 70, 71, 72, 73, 74, 75, 76, 78, 79, 80, 81, 82, 90, 91, 97, 98, 100, 101, 104, 105, 150, 213, 224, 226, 233, 239, 253, 263, 264, 266, 267, 269, 270, 271, 272, 275, 279, 280, 281, 283, 284, 285, 287, 288, 289, 290, 291, 292, 293, 294, 295, 296, 298, 307, 317, 320, 321, 322, 324, 325, 356, 357, 358, 360, 361, 363, 369, 370, 371, 372, 377, 384, 385, 387, 391, 392, 397, 398, 400, 402, 403, 431, 432, 433, 435, 436, 438, 444, 452, 459, 460, 462, 466, 467, 472, 473, 475], "summary": {"covered_lines": 136, "num_statements": 143, "percent_covered": 90.9090909090909, "percent_covered_display": "91", "missing_lines": 7, "excluded_lines": 0, "percent_statements_covered": 95.1048951048951, "percent_statements_covered_display": "95", "num_branches": 66, "num_partial_branches": 10, "covered_branches": 54, "missing_branches": 12, "percent_branches_covered": 81.81818181818181, "percent_branches_covered_display": "82"}, "missing_lines": [77, 312, 389, 445, 446, 447, 464], "excluded_lines": [], "executed_branches": [[35, 36], [35, 38], [39, 40], [39, 49], [40, 41], [40, 42], [42, 43], [42, 45], [49, 50], [49, 59], [51, 52], [51, 57], [53, 54], [53, 55], [55, 51], [55, 56], [60, 61], [73, 74], [73, 90], [74, 75], [74, 90], [76, 78], [97, 98], [97, 100], [269, 270], [269, 272], [279, 280], [279, 283], [280, 279], [280, 281], [288, 289], [288, 298], [290, 291], [290, 296], [292, 293], [307, 317], [320, 321], [320, 322], [357, 358], [360, 361], [360, 363], [369, 370], [369, 377], [371, 372], [387, 391], [397, 398], [397, 400], [432, 433], [435, 436], [435, 438], [444, 452], [462, 466], [472, 473], [472, 475]], "missing_branches": [[60, 63], [76, 77], [292, 295], [307, 312], [357, 360], [371, 377], [387, 389], [432, 435], [444, 445], [446, 447], [446, 452], [462, 464]], "functions": {"_extract_reasoning": {"executed_lines": [32, 33, 35, 36, 38, 39, 40, 41, 42, 43, 45, 49, 50, 51, 52, 53, 54, 55, 56, 57, 59, 60, 61, 63], "summary": {"covered_lines": 24, "num_statements": 24, "percent_covered": 97.61904761904762, "percent_covered_display": "98", "missing_lines": 0, "excluded_lines": 0, "percent_statements_covered": 100.0, "percent_statements_covered_display": "100", "num_branches": 18, "num_partial_branches": 1, "covered_branches": 17, "missing_branches": 1, "percent_branches_covered": 94.44444444444444, "percent_branches_covered_display": "94"}, "missing_lines": [], "excluded_lines": [], "start_line": 28, "executed_branches": [[35, 36], [35, 38], [39, 40], [39, 49], [40, 41], [40, 42], [42, 43], [42, 45], [49, 50], [49, 59], [51, 52], [51, 57], [53, 54], [53, 55], [55, 51], [55, 56], [60, 61]], "missing_branches": [[60, 63]]}, "_convert_openrouter_completion_to_chat_message": {"executed_lines": [70, 71, 72, 73, 74, 75, 76, 78, 79, 80, 81, 82, 90, 91, 97, 98, 100, 101], "summary": {"covered_lines": 18, "num_statements": 19, "percent_covered": 92.5925925925926, "percent_covered_display": "93", "missing_lines": 1, "excluded_lines": 0, "percent_statements_covered": 94.73684210526316, "percent_statements_covered_display": "95", "num_branches": 8, "num_partial_branches": 1, "covered_branches": 7, "missing_branches": 1, "percent_branches_covered": 87.5, "percent_branches_covered_display": "88"}, "missing_lines": [77], "excluded_lines": [], "start_line": 66, "executed_branches": [[73, 74], [73, 90], [74, 75], [74, 90], [76, 78], [97, 98], [97, 100]], "missing_branches": [[76, 77]]}, "OpenRouterChatGenerator.__init__": {"executed_lines": [213, 224], "summary": {"covered_lines": 2, "num_statements": 2, "percent_covered": 100.0, "percent_covered_display": "100", "missing_lines": 0, "excluded_lines": 0, "percent_statements_covered": 100.0, "percent_statements_covered_display": "100", "num_branches": 0, "num_partial_branches": 0, "covered_branches": 0, "missing_branches": 0, "percent_branches_covered": 100.0, "percent_branches_covered_display": "100"}, "missing_lines": [], "excluded_lines": [], "start_line": 150, "executed_branches": [], "missing_branches": []}, "OpenRouterChatGenerator.to_dict": {"executed_lines": [233, 239], "summary": {"covered_lines": 2, "num_statements": 2, "percent_covered": 100.0, "percent_covered_display": "100", "missing_lines": 0, "excluded_lines": 0, "percent_statements_covered": 100.0, "percent_statements_covered_display": "100", "num_branches": 0, "num_partial_branches": 0, "covered_branches": 0, "missing_branches": 0, "percent_branches_covered": 100.0, "percent_branches_covered_display": "100"}, "missing_lines": [], "excluded_lines": [], "start_line": 226, "executed_branches": [], "missing_branches": []}, "OpenRouterChatGenerator._prepare_api_call": {"executed_lines": [263, 264, 266, 267, 269, 270, 271, 272, 275, 279, 280, 281, 283, 284, 285, 287, 288, 289, 290, 291, 292, 293, 294, 295, 296, 298, 307, 317, 320, 321, 322], "summary": {"covered_lines": 31, "num_statements": 32, "percent_covered": 93.75, "percent_covered_display": "94", "missing_lines": 1, "excluded_lines": 0, "percent_statements_covered": 96.875, "percent_statements_covered_display": "97", "num_branches": 16, "num_partial_branches": 2, "covered_branches": 14, "missing_branches": 2, "percent_branches_covered": 87.5, "percent_branches_covered_display": "88"}, "missing_lines": [312], "excluded_lines": [], "start_line": 253, "executed_branches": [[269, 270], [269, 272], [279, 280], [279, 283], [280, 279], [280, 281], [288, 289], [288, 298], [290, 291], [290, 296], [292, 293], [307, 317], [320, 321], [320, 322]], "missing_branches": [[292, 295], [307, 312]]}, "OpenRouterChatGenerator.run": {"executed_lines": [356, 357, 358, 360, 361, 363, 369, 370, 371, 372, 377, 384, 385, 387, 391, 392, 397, 398, 400], "summary": {"covered_lines": 19, "num_statements": 20, "percent_covered": 87.5, "percent_covered_display": "88", "missing_lines": 1, "excluded_lines": 0, "percent_statements_covered": 95.0, "percent_statements_covered_display": "95", "num_branches": 12, "num_partial_branches": 3, "covered_branches": 9, "missing_branches": 3, "percent_branches_covered": 75.0, "percent_branches_covered_display": "75"}, "missing_lines": [389], "excluded_lines": [], "start_line": 325, "executed_branches": [[357, 358], [360, 361], [360, 363], [369, 370], [369, 377], [371, 372], [387, 391], [397, 398], [397, 400]], "missing_branches": [[357, 360], [371, 377], [387, 389]]}, "OpenRouterChatGenerator.run_async": {"executed_lines": [431, 432, 433, 435, 436, 438, 444, 452, 459, 460, 462, 466, 467, 472, 473, 475], "summary": {"covered_lines": 16, "num_statements": 20, "percent_covered": 71.875, "percent_covered_display": "72", "missing_lines": 4, "excluded_lines": 0, "percent_statements_covered": 80.0, "percent_statements_covered_display": "80", "num_branches": 12, "num_partial_branches": 3, "covered_branches": 7, "missing_branches": 5, "percent_branches_covered": 58.333333333333336, "percent_branches_covered_display": "58"}, "missing_lines": [445, 446, 447, 464], "excluded_lines": [], "start_line": 403, "executed_branches": [[432, 433], [435, 436], [435, 438], [444, 452], [462, 466], [472, 473], [472, 475]], "missing_branches": [[432, 435], [444, 445], [446, 447], [446, 452], [462, 464]]}, "": {"executed_lines": [5, 6, 8, 9, 10, 11, 12, 19, 20, 21, 22, 23, 25, 28, 66, 104, 105, 150, 226, 253, 324, 325, 402, 403], "summary": {"covered_lines": 24, "num_statements": 24, "percent_covered": 100.0, "percent_covered_display": "100", "missing_lines": 0, "excluded_lines": 0, "percent_statements_covered": 100.0, "percent_statements_covered_display": "100", "num_branches": 0,