{"coverage": 98.125, "raw_data": {"meta": {"format": 3, "version": "7.14.2", "timestamp": "2026-06-25T07:47:58.322647", "branch_coverage": true, "show_contexts": false}, "files": {"src/haystack_integrations/components/generators/litellm/chat/chat_generator.py": {"executed_lines": [5, 6, 8, 9, 10, 11, 21, 28, 29, 31, 34, 35, 67, 96, 97, 98, 99, 100, 101, 103, 110, 111, 113, 114, 115, 116, 117, 119, 120, 121, 122, 123, 128, 138, 139, 156, 157, 158, 160, 162, 166, 167, 169, 170, 172, 173, 175, 176, 193, 194, 195, 197, 199, 203, 204, 206, 207, 209, 210, 212, 213, 214, 215, 216, 217, 218, 219, 221, 222, 223, 224, 225, 226, 227, 228, 230, 232, 233, 243, 244, 246, 247, 248, 252, 257, 266, 268, 269, 270, 271, 278, 280, 284, 286, 287, 288, 289, 290, 291, 292, 293, 294, 301, 302, 304, 311, 314, 324, 327, 328, 336, 337, 338, 339, 346, 347, 348, 349, 350, 351, 359, 370, 372, 373, 375], "summary": {"covered_lines": 125, "num_statements": 126, "percent_covered": 98.125, "percent_covered_display": "98", "missing_lines": 1, "excluded_lines": 0, "percent_statements_covered": 99.2063492063492, "percent_statements_covered_display": "99", "num_branches": 34, "num_partial_branches": 2, "covered_branches": 32, "missing_branches": 2, "percent_branches_covered": 94.11764705882354, "percent_branches_covered_display": "94"}, "missing_lines": [249], "excluded_lines": [], "executed_branches": [[114, 115], [114, 116], [116, 117], [116, 119], [122, 123], [122, 128], [157, 158], [157, 160], [169, 170], [169, 172], [194, 195], [194, 197], [206, 207], [206, 209], [215, 216], [215, 219], [224, 225], [224, 228], [248, 252], [269, 270], [269, 271], [287, 288], [287, 304], [288, 289], [288, 304], [290, 291], [327, 328], [327, 336], [347, 348], [347, 370], [349, 350], [349, 359]], "missing_branches": [[248, 249], [290, 302]], "functions": {"LiteLLMChatGenerator.__init__": {"executed_lines": [96, 97, 98, 99, 100, 101], "summary": {"covered_lines": 6, "num_statements": 6, "percent_covered": 100.0, "percent_covered_display": "100", "missing_lines": 0, "excluded_lines": 0, "percent_statements_covered": 100.0, "percent_statements_covered_display": "100", "num_branches": 0, "num_partial_branches": 0, "covered_branches": 0, "missing_branches": 0, "percent_branches_covered": 100.0, "percent_branches_covered_display": "100"}, "missing_lines": [], "excluded_lines": [], "start_line": 67, "executed_branches": [], "missing_branches": []}, "LiteLLMChatGenerator._build_litellm_kwargs": {"executed_lines": [110, 111, 113, 114, 115, 116, 117, 119, 120, 121, 122, 123, 128], "summary": {"covered_lines": 13, "num_statements": 13, "percent_covered": 100.0, "percent_covered_display": "100", "missing_lines": 0, "excluded_lines": 0, "percent_statements_covered": 100.0, "percent_statements_covered_display": "100", "num_branches": 6, "num_partial_branches": 0, "covered_branches": 6, "missing_branches": 0, "percent_branches_covered": 100.0, "percent_branches_covered_display": "100"}, "missing_lines": [], "excluded_lines": [], "start_line": 103, "executed_branches": [[114, 115], [114, 116], [116, 117], [116, 119], [122, 123], [122, 128]], "missing_branches": []}, "LiteLLMChatGenerator.run": {"executed_lines": [156, 157, 158, 160, 162, 166, 167, 169, 170, 172, 173], "summary": {"covered_lines": 11, "num_statements": 11, "percent_covered": 100.0, "percent_covered_display": "100", "missing_lines": 0, "excluded_lines": 0, "percent_statements_covered": 100.0, "percent_statements_covered_display": "100", "num_branches": 4, "num_partial_branches": 0, "covered_branches": 4, "missing_branches": 0, "percent_branches_covered": 100.0, "percent_branches_covered_display": "100"}, "missing_lines": [], "excluded_lines": [], "start_line": 139, "executed_branches": [[157, 158], [157, 160], [169, 170], [169, 172]], "missing_branches": []}, "LiteLLMChatGenerator.run_async": {"executed_lines": [193, 194, 195, 197, 199, 203, 204, 206, 207, 209, 210], "summary": {"covered_lines": 11, "num_statements": 11, "percent_covered": 100.0, "percent_covered_display": "100", "missing_lines": 0, "excluded_lines": 0, "percent_statements_covered": 100.0, "percent_statements_covered_display": "100", "num_branches": 4, "num_partial_branches": 0, "covered_branches": 4, "missing_branches": 0, "percent_branches_covered": 100.0, "percent_branches_covered_display": "100"}, "missing_lines": [], "excluded_lines": [], "start_line": 176, "executed_branches": [[194, 195], [194, 197], [206, 207], [206, 209]], "missing_branches": []}, "LiteLLMChatGenerator._handle_streaming": {"executed_lines": [213, 214, 215, 216, 217, 218, 219], "summary": {"covered_lines": 7, "num_statements": 7, "percent_covered": 100.0, "percent_covered_display": "100", "missing_lines": 0, "excluded_lines": 0, "percent_statements_covered": 100.0, "percent_statements_covered_display": "100", "num_branches": 2, "num_partial_branches": 0, "covered_branches": 2, "missing_branches": 0, "percent_branches_covered": 100.0, "percent_branches_covered_display": "100"}, "missing_lines": [], "excluded_lines": [], "start_line": 212, "executed_branches": [[215, 216], [215, 219]], "missing_branches": []}, "LiteLLMChatGenerator._ahandle_streaming": {"executed_lines": [222, 223, 224, 225, 226, 227, 228], "summary": {"covered_lines": 7, "num_statements": 7, "percent_covered": 100.0, "percent_covered_display": "100", "missing_lines": 0, "excluded_lines": 0, "percent_statements_covered": 100.0, "percent_statements_covered_display": "100", "num_branches": 2, "num_partial_branches": 0, "covered_branches": 2, "missing_branches": 0, "percent_branches_covered": 100.0, "percent_branches_covered_display": "100"}, "missing_lines": [], "excluded_lines": [], "start_line": 221, "executed_branches": [[224, 225], [224, 228]], "missing_branches": []}, "LiteLLMChatGenerator.to_dict": {"executed_lines": [232, 233], "summary": {"covered_lines": 2, "num_statements": 2, "percent_covered": 100.0, "percent_covered_display": "100", "missing_lines": 0, "excluded_lines": 0, "percent_statements_covered": 100.0, "percent_statements_covered_display": "100", "num_branches": 0, "num_partial_branches": 0, "covered_branches": 0, "missing_branches": 0, "percent_branches_covered": 100.0, "percent_branches_covered_display": "100"}, "missing_lines": [], "excluded_lines": [], "start_line": 230, "executed_branches": [], "missing_branches": []}, "LiteLLMChatGenerator.from_dict": {"executed_lines": [246, 247, 248, 252], "summary": {"covered_lines": 4, "num_statements": 5, "percent_covered": 71.42857142857143, "percent_covered_display": "71", "missing_lines": 1, "excluded_lines": 0, "percent_statements_covered": 80.0, "percent_statements_covered_display": "80", "num_branches": 2, "num_partial_branches": 1, "covered_branches": 1, "missing_branches": 1, "percent_branches_covered": 50.0, "percent_branches_covered_display": "50"}, "missing_lines": [249], "excluded_lines": [], "start_line": 244, "executed_branches": [[248, 252]], "missing_branches": [[248, 249]]}, "_extract_usage": {"executed_lines": [268, 269, 270, 271], "summary": {"covered_lines": 4, "num_statements": 4, "percent_covered": 100.0, "percent_covered_display": "100", "missing_lines": 0, "excluded_lines": 0, "percent_statements_covered": 100.0, "percent_statements_covered_display": "100", "num_branches": 2, "num_partial_branches": 0, "covered_branches": 2, "missing_branches": 0, "percent_branches_covered": 100.0, "percent_branches_covered_display": "100"}, "missing_lines": [], "excluded_lines": [], "start_line": 266, "executed_branches": [[269, 270], [269, 271]], "missing_branches": []}, "_build_chat_message": {"executed_lines": [280, 284, 286, 287, 288, 289, 290, 291, 292, 293, 294, 301, 302, 304, 311], "summary": {"covered_lines": 15, "num_statements": 15, "percent_covered": 95.23809523809524, "percent_covered_display": "95", "missing_lines": 0, "excluded_lines": 0, "percent_statements_covered": 100.0, "percent_statements_covered_display": "100", "num_branches": 6,