{"coverage": 86.3481228668942, "raw_data": {"meta": {"format": 3, "version": "7.14.2", "timestamp": "2026-06-23T13:12:38.228511", "branch_coverage": true, "show_contexts": false}, "files": {"src/haystack_integrations/components/converters/azure_form_recognizer/converter.py": {"executed_lines": [5, 6, 7, 8, 9, 11, 12, 13, 14, 15, 16, 17, 18, 20, 23, 24, 55, 94, 97, 98, 99, 100, 101, 102, 103, 104, 105, 106, 109, 110, 130, 131, 132, 133, 134, 135, 140, 143, 144, 146, 148, 149, 150, 151, 153, 155, 162, 175, 176, 188, 198, 199, 200, 202, 203, 204, 206, 215, 217, 218, 220, 222, 223, 224, 225, 227, 229, 230, 234, 235, 236, 237, 238, 240, 241, 242, 243, 244, 253, 256, 260, 261, 266, 267, 268, 273, 274, 277, 278, 286, 287, 288, 293, 295, 297, 298, 299, 303, 304, 307, 308, 309, 311, 313, 326, 328, 329, 330, 331, 332, 334, 339, 341, 342, 343, 345, 346, 349, 350, 354, 355, 357, 373, 377, 378, 379, 381, 382, 384, 385, 386, 387, 388, 389, 390, 402, 403, 404, 405, 406, 409, 410, 411, 412, 414, 415, 416, 417, 420, 421, 422, 423, 424, 425, 428, 429, 430, 431, 434, 435, 436, 437, 438, 440, 441, 442, 443, 444, 445, 446, 448, 455, 456, 457, 458, 460, 461, 463, 471, 473, 474, 475, 476, 477], "summary": {"covered_lines": 184, "num_statements": 207, "percent_covered": 86.3481228668942, "percent_covered_display": "86", "missing_lines": 23, "excluded_lines": 0, "percent_statements_covered": 88.88888888888889, "percent_statements_covered_display": "89", "num_branches": 86, "num_partial_branches": 13, "covered_branches": 69, "missing_branches": 17, "percent_branches_covered": 80.23255813953489, "percent_branches_covered_display": "80"}, "missing_lines": [107, 136, 137, 138, 185, 186, 250, 251, 257, 265, 272, 279, 280, 284, 292, 301, 337, 338, 352, 393, 398, 399, 459], "excluded_lines": [], "executed_branches": [[106, -55], [133, 134], [133, 153], [148, 149], [148, 150], [199, 200], [199, 202], [217, 218], [217, 220], [220, 222], [220, 311], [227, 229], [227, 256], [234, 235], [234, 240], [241, 227], [241, 242], [243, 241], [243, 244], [244, 253], [256, 260], [260, 261], [267, 268], [277, 278], [287, 288], [297, 298], [303, 304], [329, 330], [331, 332], [331, 345], [332, 334], [341, 342], [341, 343], [346, 349], [346, 354], [378, 379], [378, 402], [381, 382], [382, 378], [382, 384], [386, 382], [386, 387], [389, 386], [389, 390], [403, 404], [403, 409], [410, 411], [410, 420], [414, 415], [414, 417], [421, 422], [421, 428], [423, 424], [423, 425], [429, 430], [429, 434], [435, 436], [435, 445], [438, 440], [438, 444], [440, 441], [440, 442], [457, 458], [457, 461], [458, 460], [473, 474], [473, 477], [474, 473], [474, 475]], "missing_branches": [[106, 107], [244, 250], [256, 257], [260, 265], [267, 272], [277, 279], [279, 280], [279, 284], [287, 292], [297, 301], [303, 307], [329, 352], [332, 337], [381, 393], [398, 378], [398, 399], [458, 459]], "functions": {"AzureOCRDocumentConverter.__init__": {"executed_lines": [94, 97, 98, 99, 100, 101, 102, 103, 104, 105, 106], "summary": {"covered_lines": 11, "num_statements": 12, "percent_covered": 85.71428571428571, "percent_covered_display": "86", "missing_lines": 1, "excluded_lines": 0, "percent_statements_covered": 91.66666666666667, "percent_statements_covered_display": "92", "num_branches": 2, "num_partial_branches": 1, "covered_branches": 1, "missing_branches": 1, "percent_branches_covered": 50.0, "percent_branches_covered_display": "50"}, "missing_lines": [107], "excluded_lines": [], "start_line": 55, "executed_branches": [[106, -55]], "missing_branches": [[106, 107]]}, "AzureOCRDocumentConverter.run": {"executed_lines": [130, 131, 132, 133, 134, 135, 140, 143, 144, 146, 148, 149, 150, 151, 153], "summary": {"covered_lines": 15, "num_statements": 18, "percent_covered": 86.36363636363636, "percent_covered_display": "86", "missing_lines": 3, "excluded_lines": 0, "percent_statements_covered": 83.33333333333333, "percent_statements_covered_display": "83", "num_branches": 4, "num_partial_branches": 0, "covered_branches": 4, "missing_branches": 0, "percent_branches_covered": 100.0, "percent_branches_covered_display": "100"}, "missing_lines": [136, 137, 138], "excluded_lines": [], "start_line": 110, "executed_branches": [[133, 134], [133, 153], [148, 149], [148, 150]], "missing_branches": []}, "AzureOCRDocumentConverter.to_dict": {"executed_lines": [162], "summary": {"covered_lines": 1, "num_statements": 1, "percent_covered": 100.0, "percent_covered_display": "100", "missing_lines": 0, "excluded_lines": 0, "percent_statements_covered": 100.0, "percent_statements_covered_display": "100", "num_branches": 0, "num_partial_branches": 0, "covered_branches": 0, "missing_branches": 0, "percent_branches_covered": 100.0, "percent_branches_covered_display": "100"}, "missing_lines": [], "excluded_lines": [], "start_line": 155, "executed_branches": [], "missing_branches": []}, "AzureOCRDocumentConverter.from_dict": {"executed_lines": [], "summary": {"covered_lines": 0, "num_statements": 2, "percent_covered": 0.0, "percent_covered_display": "0", "missing_lines": 2, "excluded_lines": 0, "percent_statements_covered": 0.0, "percent_statements_covered_display": "0", "num_branches": 0, "num_partial_branches": 0, "covered_branches": 0, "missing_branches": 0, "percent_branches_covered": 100.0, "percent_branches_covered_display": "100"}, "missing_lines": [185, 186], "excluded_lines": [], "start_line": 176, "executed_branches": [], "missing_branches": []}, "AzureOCRDocumentConverter._convert_tables_and_text": {"executed_lines": [198, 199, 200, 202, 203, 204], "summary": {"covered_lines": 6, "num_statements": 6, "percent_covered": 100.0, "percent_covered_display": "100", "missing_lines": 0, "excluded_lines": 0, "percent_statements_covered": 100.0, "percent_statements_covered_display": "100", "num_branches": 2, "num_partial_branches": 0, "covered_branches": 2, "missing_branches": 0, "percent_branches_covered": 100.0, "percent_branches_covered_display": "100"}, "missing_lines": [], "excluded_lines": [], "start_line": 188, "executed_branches": [[199, 200], [199, 202]], "missing_branches": []}, "AzureOCRDocumentConverter._convert_tables": {"executed_lines": [215, 217, 218, 220, 222, 223, 224, 225, 227, 229, 230, 234, 235, 236, 237, 238, 240, 241, 242, 243, 244, 253, 256, 260, 261, 266, 267, 268, 273, 274, 277, 278, 286, 287, 288, 293, 295, 297, 298, 299, 303, 304, 307, 308, 309, 311], "summary": {"covered_lines": 46, "num_statements": 56, "percent_covered": 76.74418604651163, "percent_covered_display": "77", "missing_lines": 10, "excluded_lines": 0, "percent_statements_covered": 82.14285714285714, "percent_statements_covered_display": "82", "num_branches": 30, "num_partial_branches": 8, "covered_branches": 20, "missing_branches": 10, "percent_branches_covered": 66.66666666666667, "percent_branches_covered_display": "67"}, "missing_lines": [250, 251, 257, 265, 272, 279, 280, 284, 292, 301], "excluded_lines": [], "start_line": 206, "executed_branches": [[217, 218], [217, 220], [220, 222], [220, 311], [227, 229], [227, 256], [234, 235], [234, 240], [241, 227], [241, 242], [243, 241], [243, 244], [244, 253], [256, 260], [260, 261], [267, 268], [277, 278], [287, 288], [297, 298], [303, 304]], "missing_branches": [[244, 250], [256, 257], [260, 265], [267, 272], [277, 279], [279, 280], [279, 284], [287, 292], [297, 301], [303, 307]]}, "AzureOCRDocumentConverter._convert_to_natural_text": {"executed_lines": [326, 328, 329, 330, 331, 332, 334, 339, 341, 342, 343, 345, 346, 349, 350, 354, 355], "summary": {"covered_lines": 17, "num_statements": 20, "percent_covered": 83.33333333333333, "percent_covered_display": "83", "missing_lines": 3, "excluded_lines": 0, "percent_statements_covered": 85.0, "percent_statements_covered_display": "85", "num_branches": 10, "num_partial_branches": 2, "covered_branches": 8, "missing_branches": 2, "percent_branches_covered": 80.0, "percent_branches_covered_display": "80"}, "missing_lines": [337, 338, 352], "excluded_lines": [],