{"coverage": 71.91780821917808, "raw_data": {"meta": {"format": 3, "version": "7.14.1", "timestamp": "2026-06-12T08:55:31.816065", "branch_coverage": true, "show_contexts": false}, "files": {"src/haystack_integrations/components/websearch/serperdev/websearch.py": {"executed_lines": [5, 6, 8, 9, 10, 12, 15, 18, 21, 22, 53, 75, 76, 77, 78, 79, 82, 84, 91, 100, 101, 110, 111, 113, 120, 121, 123, 124, 125, 127, 128, 130, 132, 133, 135, 136, 138, 143, 144, 155, 156, 157, 158, 159, 160, 161, 163, 164, 165, 167, 168, 169, 171, 173, 178, 180, 181, 194, 195, 196, 197, 198, 199, 200, 201, 203, 204, 205, 207, 208, 209, 211, 213, 218, 220, 221, 222, 223, 226, 227, 229, 231, 234, 241, 242, 265, 266, 277, 279, 280], "summary": {"covered_lines": 90, "num_statements": 112, "percent_covered": 71.91780821917808, "percent_covered_display": "72", "missing_lines": 22, "excluded_lines": 0, "percent_statements_covered": 80.35714285714286, "percent_statements_covered_display": "80", "num_branches": 34, "num_partial_branches": 3, "covered_branches": 15, "missing_branches": 19, "percent_branches_covered": 44.11764705882353, "percent_branches_covered_display": "44"}, "missing_lines": [139, 141, 224, 225, 243, 244, 245, 247, 248, 249, 250, 251, 252, 253, 254, 255, 256, 257, 267, 268, 269, 270], "excluded_lines": [], "executed_branches": [[18, -18], [18, 21], [120, 121], [120, 123], [127, 128], [127, 138], [130, 132], [130, 135], [132, 127], [132, 133], [135, 127], [135, 136], [223, 226], [242, 265], [266, 277]], "missing_branches": [[223, 224], [242, 243], [247, 248], [247, 249], [249, 250], [249, 251], [251, 252], [251, 256], [252, 253], [252, 256], [253, 252], [253, 254], [256, 257], [256, 265], [266, 267], [267, 268], [267, 277], [268, 267], [268, 269]], "functions": {"SerperDevWebSearch.__init__": {"executed_lines": [75, 76, 77, 78, 79, 82], "summary": {"covered_lines": 6, "num_statements": 6, "percent_covered": 100.0, "percent_covered_display": "100", "missing_lines": 0, "excluded_lines": 0, "percent_statements_covered": 100.0, "percent_statements_covered_display": "100", "num_branches": 0, "num_partial_branches": 0, "covered_branches": 0, "missing_branches": 0, "percent_branches_covered": 100.0, "percent_branches_covered_display": "100"}, "missing_lines": [], "excluded_lines": [], "start_line": 53, "executed_branches": [], "missing_branches": []}, "SerperDevWebSearch.to_dict": {"executed_lines": [91], "summary": {"covered_lines": 1, "num_statements": 1, "percent_covered": 100.0, "percent_covered_display": "100", "missing_lines": 0, "excluded_lines": 0, "percent_statements_covered": 100.0, "percent_statements_covered_display": "100", "num_branches": 0, "num_partial_branches": 0, "covered_branches": 0, "missing_branches": 0, "percent_branches_covered": 100.0, "percent_branches_covered_display": "100"}, "missing_lines": [], "excluded_lines": [], "start_line": 84, "executed_branches": [], "missing_branches": []}, "SerperDevWebSearch.from_dict": {"executed_lines": [110, 111], "summary": {"covered_lines": 2, "num_statements": 2, "percent_covered": 100.0, "percent_covered_display": "100", "missing_lines": 0, "excluded_lines": 0, "percent_statements_covered": 100.0, "percent_statements_covered_display": "100", "num_branches": 0, "num_partial_branches": 0, "covered_branches": 0, "missing_branches": 0, "percent_branches_covered": 100.0, "percent_branches_covered_display": "100"}, "missing_lines": [], "excluded_lines": [], "start_line": 101, "executed_branches": [], "missing_branches": []}, "SerperDevWebSearch._is_domain_allowed": {"executed_lines": [120, 121, 123, 124, 125, 127, 128, 130, 132, 133, 135, 136, 138], "summary": {"covered_lines": 13, "num_statements": 15, "percent_covered": 92.0, "percent_covered_display": "92", "missing_lines": 2, "excluded_lines": 0, "percent_statements_covered": 86.66666666666667, "percent_statements_covered_display": "87", "num_branches": 10, "num_partial_branches": 0, "covered_branches": 10, "missing_branches": 0, "percent_branches_covered": 100.0, "percent_branches_covered_display": "100"}, "missing_lines": [139, 141], "excluded_lines": [], "start_line": 113, "executed_branches": [[120, 121], [120, 123], [127, 128], [127, 138], [130, 132], [130, 135], [132, 127], [132, 133], [135, 127], [135, 136]], "missing_branches": []}, "SerperDevWebSearch.run": {"executed_lines": [155, 156, 157, 158, 159, 160, 161, 163, 164, 165, 167, 168, 169, 171, 173, 178], "summary": {"covered_lines": 16, "num_statements": 16, "percent_covered": 100.0, "percent_covered_display": "100", "missing_lines": 0, "excluded_lines": 0, "percent_statements_covered": 100.0, "percent_statements_covered_display": "100", "num_branches": 0, "num_partial_branches": 0, "covered_branches": 0, "missing_branches": 0, "percent_branches_covered": 100.0, "percent_branches_covered_display": "100"}, "missing_lines": [], "excluded_lines": [], "start_line": 144, "executed_branches": [], "missing_branches": []}, "SerperDevWebSearch.run_async": {"executed_lines": [194, 195, 196, 197, 198, 199, 200, 201, 203, 204, 205, 207, 208, 209, 211, 213, 218], "summary": {"covered_lines": 17, "num_statements": 17, "percent_covered": 100.0, "percent_covered_display": "100", "missing_lines": 0, "excluded_lines": 0, "percent_statements_covered": 100.0, "percent_statements_covered_display": "100", "num_branches": 0, "num_partial_branches": 0, "covered_branches": 0, "missing_branches": 0, "percent_branches_covered": 100.0, "percent_branches_covered_display": "100"}, "missing_lines": [], "excluded_lines": [], "start_line": 181, "executed_branches": [], "missing_branches": []}, "SerperDevWebSearch._prepare_request": {"executed_lines": [221, 222, 223, 226, 227], "summary": {"covered_lines": 5, "num_statements": 7, "percent_covered": 66.66666666666667, "percent_covered_display": "67", "missing_lines": 2, "excluded_lines": 0, "percent_statements_covered": 71.42857142857143, "percent_statements_covered_display": "71", "num_branches": 2, "num_partial_branches": 1, "covered_branches": 1, "missing_branches": 1, "percent_branches_covered": 50.0, "percent_branches_covered_display": "50"}, "missing_lines": [224, 225], "excluded_lines": [], "start_line": 220, "executed_branches": [[223, 226]], "missing_branches": [[223, 224]]}, "SerperDevWebSearch._parse_response": {"executed_lines": [231, 234, 241, 242, 265, 266, 277, 279, 280], "summary": {"covered_lines": 9, "num_statements": 27, "percent_covered": 23.404255319148938, "percent_covered_display": "23", "missing_lines": 18, "excluded_lines": 0, "percent_statements_covered": 33.333333333333336, "percent_statements_covered_display": "33", "num_branches": 20, "num_partial_branches": 2, "covered_branches": 2, "missing_branches": 18, "percent_branches_covered": 10.0, "percent_branches_covered_display": "10"}, "missing_lines": [243, 244, 245, 247, 248, 249, 250, 251, 252, 253, 254, 255, 256, 257, 267, 268, 269, 270], "excluded_lines": [], "start_line": 229, "executed_branches": [[242, 265], [266, 277]], "missing_branches": [[242, 243], [247, 248], [247, 249], [249, 250], [249, 251], [251, 252], [251, 256], [252, 253], [252, 256], [253, 252], [253, 254], [256, 257], [256, 265], [266, 267], [267, 268], [267, 277], [268, 267], [268, 269]]}, "": {"executed_lines": [5, 6, 8, 9, 10, 12, 15, 18, 21, 22, 53, 84, 100, 101, 113, 143, 144, 180, 181, 220, 229], "summary": {"covered_lines": 21, "num_statements": 21, "percent_covered": 100.0, "percent_covered_display": "100", "missing_lines": 0, "excluded_lines": 0, "percent_statements_covered": 100.0, "percent_statements_covered_display": "100", "num_branches": 2, "num_partial_branches": 0, "covered_branches": 2, "missing_branches": 0, "percent_branches_covered": 100.0, "percent_branches_covered_display": "100"}, "missing_lines": [], "excluded_lines": [], "start_line": 1, "executed_branches": [[18, -18], [18, 21]], "missing_branches": []}}, "classes": {"SerperDevError": {"executed_lines": [], "summary": {"covered_lines": 0, "num_statements": 0,