{"coverage": 94.95798319327731, "raw_data": {"meta": {"format": 3, "version": "7.13.5", "timestamp": "2026-05-08T12:15:47.943650", "branch_coverage": true, "show_contexts": false}, "files": {"src/haystack_integrations/components/converters/docling_serve/converter.py": {"executed_lines": [5, 6, 7, 8, 9, 11, 12, 13, 14, 15, 17, 20, 29, 30, 31, 34, 35, 58, 84, 85, 86, 87, 88, 90, 97, 106, 107, 116, 118, 120, 121, 122, 123, 124, 126, 127, 129, 130, 131, 133, 140, 141, 142, 143, 144, 145, 146, 147, 148, 150, 151, 152, 153, 154, 155, 156, 157, 158, 161, 162, 179, 180, 181, 183, 184, 185, 186, 187, 188, 193, 194, 195, 196, 198, 199, 200, 206, 208, 227, 228, 229, 231, 232, 233, 234, 235, 236, 241, 242, 243, 244, 247, 248, 254], "summary": {"covered_lines": 94, "num_statements": 97, "percent_covered": 94.95798319327731, "percent_covered_display": "95", "missing_lines": 3, "excluded_lines": 0, "percent_statements_covered": 96.90721649484536, "percent_statements_covered_display": "97", "num_branches": 22, "num_partial_branches": 3, "covered_branches": 19, "missing_branches": 3, "percent_branches_covered": 86.36363636363636, "percent_branches_covered_display": "86"}, "missing_lines": [117, 159, 246], "excluded_lines": [], "executed_branches": [[116, 118], [122, 123], [122, 124], [140, 141], [140, 142], [142, 143], [142, 146], [152, 153], [152, 154], [154, 155], [154, 156], [156, 157], [184, 185], [184, 206], [195, 196], [195, 198], [232, 233], [232, 254], [243, 244]], "missing_branches": [[116, 117], [156, 159], [243, 246]], "functions": {"DoclingServeConverter.__init__": {"executed_lines": [84, 85, 86, 87, 88], "summary": {"covered_lines": 5, "num_statements": 5, "percent_covered": 100.0, "percent_covered_display": "100", "missing_lines": 0, "excluded_lines": 0, "percent_statements_covered": 100.0, "percent_statements_covered_display": "100", "num_branches": 0, "num_partial_branches": 0, "covered_branches": 0, "missing_branches": 0, "percent_branches_covered": 100.0, "percent_branches_covered_display": "100"}, "missing_lines": [], "excluded_lines": [], "start_line": 58, "executed_branches": [], "missing_branches": []}, "DoclingServeConverter.to_dict": {"executed_lines": [97], "summary": {"covered_lines": 1, "num_statements": 1, "percent_covered": 100.0, "percent_covered_display": "100", "missing_lines": 0, "excluded_lines": 0, "percent_statements_covered": 100.0, "percent_statements_covered_display": "100", "num_branches": 0, "num_partial_branches": 0, "covered_branches": 0, "missing_branches": 0, "percent_branches_covered": 100.0, "percent_branches_covered_display": "100"}, "missing_lines": [], "excluded_lines": [], "start_line": 90, "executed_branches": [], "missing_branches": []}, "DoclingServeConverter.from_dict": {"executed_lines": [116, 118], "summary": {"covered_lines": 2, "num_statements": 3, "percent_covered": 60.0, "percent_covered_display": "60", "missing_lines": 1, "excluded_lines": 0, "percent_statements_covered": 66.66666666666667, "percent_statements_covered_display": "67", "num_branches": 2, "num_partial_branches": 1, "covered_branches": 1, "missing_branches": 1, "percent_branches_covered": 50.0, "percent_branches_covered_display": "50"}, "missing_lines": [117], "excluded_lines": [], "start_line": 107, "executed_branches": [[116, 118]], "missing_branches": [[116, 117]]}, "DoclingServeConverter._headers": {"executed_lines": [121, 122, 123, 124], "summary": {"covered_lines": 4, "num_statements": 4, "percent_covered": 100.0, "percent_covered_display": "100", "missing_lines": 0, "excluded_lines": 0, "percent_statements_covered": 100.0, "percent_statements_covered_display": "100", "num_branches": 2, "num_partial_branches": 0, "covered_branches": 2, "missing_branches": 0, "percent_branches_covered": 100.0, "percent_branches_covered_display": "100"}, "missing_lines": [], "excluded_lines": [], "start_line": 120, "executed_branches": [[122, 123], [122, 124]], "missing_branches": []}, "DoclingServeConverter._to_format": {"executed_lines": [127], "summary": {"covered_lines": 1, "num_statements": 1, "percent_covered": 100.0, "percent_covered_display": "100", "missing_lines": 0, "excluded_lines": 0, "percent_statements_covered": 100.0, "percent_statements_covered_display": "100", "num_branches": 0, "num_partial_branches": 0, "covered_branches": 0, "missing_branches": 0, "percent_branches_covered": 100.0, "percent_branches_covered_display": "100"}, "missing_lines": [], "excluded_lines": [], "start_line": 126, "executed_branches": [], "missing_branches": []}, "DoclingServeConverter._build_payload": {"executed_lines": [130, 131], "summary": {"covered_lines": 2, "num_statements": 2, "percent_covered": 100.0, "percent_covered_display": "100", "missing_lines": 0, "excluded_lines": 0, "percent_statements_covered": 100.0, "percent_statements_covered_display": "100", "num_branches": 0, "num_partial_branches": 0, "covered_branches": 0, "missing_branches": 0, "percent_branches_covered": 100.0, "percent_branches_covered_display": "100"}, "missing_lines": [], "excluded_lines": [], "start_line": 129, "executed_branches": [], "missing_branches": []}, "DoclingServeConverter._source_entry": {"executed_lines": [140, 141, 142, 143, 144, 145, 146, 147, 148], "summary": {"covered_lines": 9, "num_statements": 9, "percent_covered": 100.0, "percent_covered_display": "100", "missing_lines": 0, "excluded_lines": 0, "percent_statements_covered": 100.0, "percent_statements_covered_display": "100", "num_branches": 4, "num_partial_branches": 0, "covered_branches": 4, "missing_branches": 0, "percent_branches_covered": 100.0, "percent_branches_covered_display": "100"}, "missing_lines": [], "excluded_lines": [], "start_line": 133, "executed_branches": [[140, 141], [140, 142], [142, 143], [142, 146]], "missing_branches": []}, "DoclingServeConverter._extract_content": {"executed_lines": [151, 152, 153, 154, 155, 156, 157, 158], "summary": {"covered_lines": 8, "num_statements": 9, "percent_covered": 86.66666666666667, "percent_covered_display": "87", "missing_lines": 1, "excluded_lines": 0, "percent_statements_covered": 88.88888888888889, "percent_statements_covered_display": "89", "num_branches": 6, "num_partial_branches": 1, "covered_branches": 5, "missing_branches": 1, "percent_branches_covered": 83.33333333333333, "percent_branches_covered_display": "83"}, "missing_lines": [159], "excluded_lines": [], "start_line": 150, "executed_branches": [[152, 153], [152, 154], [154, 155], [154, 156], [156, 157]], "missing_branches": [[156, 159]]}, "DoclingServeConverter.run": {"executed_lines": [179, 180, 181, 183, 184, 185, 186, 187, 188, 193, 194, 195, 196, 198, 199, 200, 206], "summary": {"covered_lines": 17, "num_statements": 17, "percent_covered": 100.0, "percent_covered_display": "100", "missing_lines": 0, "excluded_lines": 0, "percent_statements_covered": 100.0, "percent_statements_covered_display": "100", "num_branches": 4, "num_partial_branches": 0, "covered_branches": 4, "missing_branches": 0, "percent_branches_covered": 100.0, "percent_branches_covered_display": "100"}, "missing_lines": [], "excluded_lines": [], "start_line": 162, "executed_branches": [[184, 185], [184, 206], [195, 196], [195, 198]], "missing_branches": []}, "DoclingServeConverter.arun": {"executed_lines": [227, 228, 229, 231, 232, 233, 234, 235, 236, 241, 242, 243, 244, 247, 248, 254], "summary": {"covered_lines": 16, "num_statements": 17, "percent_covered": 90.47619047619048, "percent_covered_display": "90", "missing_lines": 1, "excluded_lines": 0, "percent_statements_covered": 94.11764705882354, "percent_statements_covered_display": "94", "num_branches": 4, "num_partial_branches": 1, "covered_branches": 3, "missing_branches": 1, "percent_branches_covered": 75.0, "percent_branches_covered_display": "75"}, "missing_lines": [246], "excluded_lines": [], "start_line": 208, "executed_branches": [[232, 233], [232, 254], [243, 244]], "missing_branches": [[243, 246]]},