{"coverage": 58.394160583941606, "raw_data": {"meta": {"format": 3, "version": "7.13.1", "timestamp": "2026-03-31T16:04:24.799439", "branch_coverage": true, "show_contexts": false}, "files": {"src/haystack_integrations/components/converters/libreoffice/converter.py": {"executed_lines": [5, 6, 7, 8, 9, 10, 11, 12, 13, 15, 16, 17, 19, 40, 44, 45, 92, 110, 113, 133, 144, 145, 146, 149, 151, 152, 154, 161, 163, 164, 173, 175, 190, 191, 194, 195, 196, 214, 226, 227, 233, 236, 237, 238, 239, 241, 242, 243, 246, 248, 249, 250, 251, 252, 254, 255, 282, 283, 287, 288, 289, 291, 307, 308, 320, 321], "summary": {"covered_lines": 66, "num_statements": 109, "percent_covered": 58.394160583941606, "percent_covered_display": "58", "missing_lines": 43, "excluded_lines": 0, "percent_statements_covered": 60.55045871559633, "percent_statements_covered_display": "61", "num_branches": 28, "num_partial_branches": 6, "covered_branches": 14, "missing_branches": 14, "percent_branches_covered": 50.0, "percent_branches_covered_display": "50"}, "missing_lines": [199, 200, 201, 203, 212, 228, 229, 230, 234, 284, 285, 292, 293, 295, 296, 298, 299, 305, 310, 311, 318, 350, 351, 352, 353, 355, 356, 357, 359, 360, 361, 363, 364, 366, 368, 369, 375, 377, 378, 380, 382, 384, 391], "excluded_lines": [], "executed_branches": [[145, 146], [145, 151], [194, 195], [227, 233], [233, 236], [236, 237], [236, 241], [241, -214], [241, 242], [250, 251], [250, 252], [283, 287], [289, 291], [291, 307]], "missing_branches": [[194, 199], [199, 200], [199, 203], [227, 228], [233, 234], [283, 284], [289, 318], [291, 292], [351, 352], [351, 355], [357, 359], [357, 391], [359, 360], [359, 377]], "functions": {"LibreOfficeFileConverter.__init__": {"executed_lines": [144, 145, 146, 149, 151, 152], "summary": {"covered_lines": 6, "num_statements": 6, "percent_covered": 100.0, "percent_covered_display": "100", "missing_lines": 0, "excluded_lines": 0, "percent_statements_covered": 100.0, "percent_statements_covered_display": "100", "num_branches": 2, "num_partial_branches": 0, "covered_branches": 2, "missing_branches": 0, "percent_branches_covered": 100.0, "percent_branches_covered_display": "100"}, "missing_lines": [], "excluded_lines": [], "start_line": 133, "executed_branches": [[145, 146], [145, 151]], "missing_branches": []}, "LibreOfficeFileConverter.to_dict": {"executed_lines": [161], "summary": {"covered_lines": 1, "num_statements": 1, "percent_covered": 100.0, "percent_covered_display": "100", "missing_lines": 0, "excluded_lines": 0, "percent_statements_covered": 100.0, "percent_statements_covered_display": "100", "num_branches": 0, "num_partial_branches": 0, "covered_branches": 0, "missing_branches": 0, "percent_branches_covered": 100.0, "percent_branches_covered_display": "100"}, "missing_lines": [], "excluded_lines": [], "start_line": 154, "executed_branches": [], "missing_branches": []}, "LibreOfficeFileConverter.from_dict": {"executed_lines": [173], "summary": {"covered_lines": 1, "num_statements": 1, "percent_covered": 100.0, "percent_covered_display": "100", "missing_lines": 0, "excluded_lines": 0, "percent_statements_covered": 100.0, "percent_statements_covered_display": "100", "num_branches": 0, "num_partial_branches": 0, "covered_branches": 0, "missing_branches": 0, "percent_branches_covered": 100.0, "percent_branches_covered_display": "100"}, "missing_lines": [], "excluded_lines": [], "start_line": 164, "executed_branches": [], "missing_branches": []}, "LibreOfficeFileConverter._get_conversion_args": {"executed_lines": [190, 191, 194, 195, 196], "summary": {"covered_lines": 5, "num_statements": 10, "percent_covered": 42.857142857142854, "percent_covered_display": "43", "missing_lines": 5, "excluded_lines": 0, "percent_statements_covered": 50.0, "percent_statements_covered_display": "50", "num_branches": 4, "num_partial_branches": 1, "covered_branches": 1, "missing_branches": 3, "percent_branches_covered": 25.0, "percent_branches_covered_display": "25"}, "missing_lines": [199, 200, 201, 203, 212], "excluded_lines": [], "start_line": 175, "executed_branches": [[194, 195]], "missing_branches": [[194, 199], [199, 200], [199, 203]]}, "LibreOfficeFileConverter._validate_args": {"executed_lines": [226, 227, 233, 236, 237, 238, 239, 241, 242, 243, 246], "summary": {"covered_lines": 11, "num_statements": 15, "percent_covered": 73.91304347826087, "percent_covered_display": "74", "missing_lines": 4, "excluded_lines": 0, "percent_statements_covered": 73.33333333333333, "percent_statements_covered_display": "73", "num_branches": 8, "num_partial_branches": 2, "covered_branches": 6, "missing_branches": 2, "percent_branches_covered": 75.0, "percent_branches_covered_display": "75"}, "missing_lines": [228, 229, 230, 234], "excluded_lines": [], "start_line": 214, "executed_branches": [[227, 233], [233, 236], [236, 237], [236, 241], [241, -214], [241, 242]], "missing_branches": [[227, 228], [233, 234]]}, "LibreOfficeFileConverter._resolve_mime_type": {"executed_lines": [249, 250, 251, 252], "summary": {"covered_lines": 4, "num_statements": 4, "percent_covered": 100.0, "percent_covered_display": "100", "missing_lines": 0, "excluded_lines": 0, "percent_statements_covered": 100.0, "percent_statements_covered_display": "100", "num_branches": 2, "num_partial_branches": 0, "covered_branches": 2, "missing_branches": 0, "percent_branches_covered": 100.0, "percent_branches_covered_display": "100"}, "missing_lines": [], "excluded_lines": [], "start_line": 248, "executed_branches": [[250, 251], [250, 252]], "missing_branches": []}, "LibreOfficeFileConverter.run": {"executed_lines": [282, 283, 287, 288, 289, 291, 307, 308], "summary": {"covered_lines": 8, "num_statements": 20, "percent_covered": 42.30769230769231, "percent_covered_display": "42", "missing_lines": 12, "excluded_lines": 0, "percent_statements_covered": 40.0, "percent_statements_covered_display": "40", "num_branches": 6, "num_partial_branches": 3, "covered_branches": 3, "missing_branches": 3, "percent_branches_covered": 50.0, "percent_branches_covered_display": "50"}, "missing_lines": [284, 285, 292, 293, 295, 296, 298, 299, 305, 310, 311, 318], "excluded_lines": [], "start_line": 255, "executed_branches": [[283, 287], [289, 291], [291, 307]], "missing_branches": [[283, 284], [289, 318], [291, 292]]}, "LibreOfficeFileConverter.run_async": {"executed_lines": [], "summary": {"covered_lines": 0, "num_statements": 22, "percent_covered": 0.0, "percent_covered_display": "0", "missing_lines": 22, "excluded_lines": 0, "percent_statements_covered": 0.0, "percent_statements_covered_display": "0", "num_branches": 6, "num_partial_branches": 0, "covered_branches": 0, "missing_branches": 6, "percent_branches_covered": 0.0, "percent_branches_covered_display": "0"}, "missing_lines": [350, 351, 352, 353, 355, 356, 357, 359, 360, 361, 363, 364, 366, 368, 369, 375, 377, 378, 380, 382, 384, 391], "excluded_lines": [], "start_line": 321, "executed_branches": [], "missing_branches": [[351, 352], [351, 355], [357, 359], [357, 391], [359, 360], [359, 377]]}, "": {"executed_lines": [5, 6, 7, 8, 9, 10, 11, 12, 13, 15, 16, 17, 19, 40, 44, 45, 92, 110, 113, 133, 154, 163, 164, 175, 214, 248, 254, 255, 320, 321], "summary": {"covered_lines": 30, "num_statements": 30, "percent_covered": 100.0, "percent_covered_display": "100", "missing_lines": 0, "excluded_lines": 0, "percent_statements_covered": 100.0, "percent_statements_covered_display": "100", "num_branches": 0, "num_partial_branches": 0, "covered_branches": 0, "missing_branches": 0, "percent_branches_covered": 100.0, "percent_branches_covered_display": "100"}, "missing_lines": [], "excluded_lines": [], "start_line": 1, "executed_branches": [], "missing_branches": []}}, "classes": {"LibreOfficeFileConverterOutput": {"executed_lines": [], "summary": {"covered_lines": 0, "num_statements": 0, "percent_covered": 100.0, "percent_covered_display": "100", "missing_lines": 0, "excluded_lines": 0, "percent_statements_covered": 100.0,