{"coverage": 90.9090909090909, "raw_data": {"meta": {"format": 3, "version": "7.13.5", "timestamp": "2026-05-12T11:19:47.532662", "branch_coverage": true, "show_contexts": false}, "files": {"src/haystack_integrations/components/converters/docling_serve/converter.py": {"executed_lines": [5, 6, 7, 8, 9, 10, 12, 13, 14, 15, 16, 18, 20, 21, 24, 33, 34, 35, 38, 39, 40, 43, 45, 46, 47, 48, 49, 52, 53, 56, 57, 83, 112, 113, 114, 115, 116, 118, 125, 134, 135, 144, 145, 147, 148, 149, 150, 151, 152, 153, 155, 156, 158, 159, 160, 161, 162, 163, 164, 165, 166, 169, 170, 171, 172, 177, 178, 184, 185, 187, 188, 192, 197, 198, 200, 218, 219, 223, 228, 229, 231, 232, 250, 251, 253, 254, 255, 256, 257, 258, 259, 261, 262, 263, 264, 266, 267, 268, 274, 275, 281, 283, 284, 304, 305, 307, 308, 309, 310, 311, 312, 313, 316, 317, 318, 321, 322, 328, 329, 335], "summary": {"covered_lines": 120, "num_statements": 130, "percent_covered": 90.9090909090909, "percent_covered_display": "91", "missing_lines": 10, "excluded_lines": 0, "percent_statements_covered": 92.3076923076923, "percent_statements_covered_display": "92", "num_branches": 24, "num_partial_branches": 4, "covered_branches": 20, "missing_branches": 4, "percent_branches_covered": 83.33333333333333, "percent_branches_covered_display": "83"}, "missing_lines": [167, 201, 202, 203, 208, 209, 215, 216, 315, 320], "excluded_lines": [], "executed_branches": [[45, 46], [45, 49], [149, 150], [149, 153], [151, 152], [160, 161], [160, 162], [162, 163], [162, 164], [164, 165], [254, 255], [254, 281], [258, 259], [258, 261], [263, 264], [263, 266], [308, 309], [308, 335], [312, 313], [317, 318]], "missing_branches": [[151, 153], [164, 167], [312, 315], [317, 320]], "functions": {"_is_url": {"executed_lines": [39, 40], "summary": {"covered_lines": 2, "num_statements": 2, "percent_covered": 100.0, "percent_covered_display": "100", "missing_lines": 0, "excluded_lines": 0, "percent_statements_covered": 100.0, "percent_statements_covered_display": "100", "num_branches": 0, "num_partial_branches": 0, "covered_branches": 0, "missing_branches": 0, "percent_branches_covered": 100.0, "percent_branches_covered_display": "100"}, "missing_lines": [], "excluded_lines": [], "start_line": 38, "executed_branches": [], "missing_branches": []}, "_resolve_filename": {"executed_lines": [45, 46, 47, 48, 49], "summary": {"covered_lines": 5, "num_statements": 5, "percent_covered": 100.0, "percent_covered_display": "100", "missing_lines": 0, "excluded_lines": 0, "percent_statements_covered": 100.0, "percent_statements_covered_display": "100", "num_branches": 2, "num_partial_branches": 0, "covered_branches": 2, "missing_branches": 0, "percent_branches_covered": 100.0, "percent_branches_covered_display": "100"}, "missing_lines": [], "excluded_lines": [], "start_line": 43, "executed_branches": [[45, 46], [45, 49]], "missing_branches": []}, "_guess_mime_type": {"executed_lines": [53], "summary": {"covered_lines": 1, "num_statements": 1, "percent_covered": 100.0, "percent_covered_display": "100", "missing_lines": 0, "excluded_lines": 0, "percent_statements_covered": 100.0, "percent_statements_covered_display": "100", "num_branches": 0, "num_partial_branches": 0, "covered_branches": 0, "missing_branches": 0, "percent_branches_covered": 100.0, "percent_branches_covered_display": "100"}, "missing_lines": [], "excluded_lines": [], "start_line": 52, "executed_branches": [], "missing_branches": []}, "DoclingServeConverter.__init__": {"executed_lines": [112, 113, 114, 115, 116], "summary": {"covered_lines": 5, "num_statements": 5, "percent_covered": 100.0, "percent_covered_display": "100", "missing_lines": 0, "excluded_lines": 0, "percent_statements_covered": 100.0, "percent_statements_covered_display": "100", "num_branches": 0, "num_partial_branches": 0, "covered_branches": 0, "missing_branches": 0, "percent_branches_covered": 100.0, "percent_branches_covered_display": "100"}, "missing_lines": [], "excluded_lines": [], "start_line": 83, "executed_branches": [], "missing_branches": []}, "DoclingServeConverter.to_dict": {"executed_lines": [125], "summary": {"covered_lines": 1, "num_statements": 1, "percent_covered": 100.0, "percent_covered_display": "100", "missing_lines": 0, "excluded_lines": 0, "percent_statements_covered": 100.0, "percent_statements_covered_display": "100", "num_branches": 0, "num_partial_branches": 0, "covered_branches": 0, "missing_branches": 0, "percent_branches_covered": 100.0, "percent_branches_covered_display": "100"}, "missing_lines": [], "excluded_lines": [], "start_line": 118, "executed_branches": [], "missing_branches": []}, "DoclingServeConverter.from_dict": {"executed_lines": [144, 145], "summary": {"covered_lines": 2, "num_statements": 2, "percent_covered": 100.0, "percent_covered_display": "100", "missing_lines": 0, "excluded_lines": 0, "percent_statements_covered": 100.0, "percent_statements_covered_display": "100", "num_branches": 0, "num_partial_branches": 0, "covered_branches": 0, "missing_branches": 0, "percent_branches_covered": 100.0, "percent_branches_covered_display": "100"}, "missing_lines": [], "excluded_lines": [], "start_line": 135, "executed_branches": [], "missing_branches": []}, "DoclingServeConverter._headers": {"executed_lines": [148, 149, 150, 151, 152, 153], "summary": {"covered_lines": 6, "num_statements": 6, "percent_covered": 90.0, "percent_covered_display": "90", "missing_lines": 0, "excluded_lines": 0, "percent_statements_covered": 100.0, "percent_statements_covered_display": "100", "num_branches": 4, "num_partial_branches": 1, "covered_branches": 3, "missing_branches": 1, "percent_branches_covered": 75.0, "percent_branches_covered_display": "75"}, "missing_lines": [], "excluded_lines": [], "start_line": 147, "executed_branches": [[149, 150], [149, 153], [151, 152]], "missing_branches": [[151, 153]]}, "DoclingServeConverter._to_format": {"executed_lines": [156], "summary": {"covered_lines": 1, "num_statements": 1, "percent_covered": 100.0, "percent_covered_display": "100", "missing_lines": 0, "excluded_lines": 0, "percent_statements_covered": 100.0, "percent_statements_covered_display": "100", "num_branches": 0, "num_partial_branches": 0, "covered_branches": 0, "missing_branches": 0, "percent_branches_covered": 100.0, "percent_branches_covered_display": "100"}, "missing_lines": [], "excluded_lines": [], "start_line": 155, "executed_branches": [], "missing_branches": []}, "DoclingServeConverter._extract_content": {"executed_lines": [159, 160, 161, 162, 163, 164, 165, 166], "summary": {"covered_lines": 8, "num_statements": 9, "percent_covered": 86.66666666666667, "percent_covered_display": "87", "missing_lines": 1, "excluded_lines": 0, "percent_statements_covered": 88.88888888888889, "percent_statements_covered_display": "89", "num_branches": 6, "num_partial_branches": 1, "covered_branches": 5, "missing_branches": 1, "percent_branches_covered": 83.33333333333333, "percent_branches_covered_display": "83"}, "missing_lines": [167], "excluded_lines": [], "start_line": 158, "executed_branches": [[160, 161], [160, 162], [162, 163], [162, 164], [164, 165]], "missing_branches": [[164, 167]]}, "DoclingServeConverter._post_file": {"executed_lines": [170, 171, 172, 177, 178, 184, 185], "summary": {"covered_lines": 7, "num_statements": 7, "percent_covered": 100.0, "percent_covered_display": "100", "missing_lines": 0, "excluded_lines": 0, "percent_statements_covered": 100.0, "percent_statements_covered_display": "100", "num_branches": 0, "num_partial_branches": 0, "covered_branches": 0, "missing_branches": 0, "percent_branches_covered": 100.0, "percent_branches_covered_display": "100"}, "missing_lines": [], "excluded_lines": [], "start_line": 169, "executed_branches": [], "missing_branches": []}, "DoclingServeConverter._post_url": {"executed_lines": [188, 192, 197, 198], "summary": {"covered_lines": 4, "num_statements": 4, "percent_covered": 100.0, "percent_covered_display": "100", "missing_lines": 0,