{"coverage": 90.51094890510949, "raw_data": {"meta": {"format": 3, "version": "7.13.5", "timestamp": "2026-04-13T14:18:23.845167", "branch_coverage": true, "show_contexts": false}, "files": {"src/haystack_integrations/components/converters/libreoffice/converter.py": {"executed_lines": [5, 6, 7, 8, 9, 10, 11, 12, 13, 15, 16, 17, 19, 40, 44, 45, 92, 110, 113, 133, 144, 145, 146, 149, 151, 152, 154, 161, 163, 164, 173, 175, 190, 191, 194, 195, 196, 199, 203, 212, 214, 226, 227, 233, 234, 236, 237, 238, 239, 241, 242, 243, 246, 248, 249, 250, 251, 252, 254, 255, 282, 283, 287, 288, 289, 291, 292, 293, 295, 296, 298, 299, 305, 307, 308, 310, 311, 318, 320, 321, 350, 351, 355, 356, 357, 359, 360, 361, 363, 364, 366, 368, 369, 375, 377, 378, 380, 382, 384, 391], "summary": {"covered_lines": 100, "num_statements": 109, "percent_covered": 90.51094890510949, "percent_covered_display": "91", "missing_lines": 9, "excluded_lines": 0, "percent_statements_covered": 91.74311926605505, "percent_statements_covered_display": "92", "num_branches": 28, "num_partial_branches": 4, "covered_branches": 24, "missing_branches": 4, "percent_branches_covered": 85.71428571428571, "percent_branches_covered_display": "86"}, "missing_lines": [200, 201, 228, 229, 230, 284, 285, 352, 353], "excluded_lines": [], "executed_branches": [[145, 146], [145, 151], [194, 195], [194, 199], [199, 203], [227, 233], [233, 234], [233, 236], [236, 237], [236, 241], [241, -214], [241, 242], [250, 251], [250, 252], [283, 287], [289, 291], [289, 318], [291, 292], [291, 307], [351, 355], [357, 359], [357, 391], [359, 360], [359, 377]], "missing_branches": [[199, 200], [227, 228], [283, 284], [351, 352]], "functions": {"LibreOfficeFileConverter.__init__": {"executed_lines": [144, 145, 146, 149, 151, 152], "summary": {"covered_lines": 6, "num_statements": 6, "percent_covered": 100.0, "percent_covered_display": "100", "missing_lines": 0, "excluded_lines": 0, "percent_statements_covered": 100.0, "percent_statements_covered_display": "100", "num_branches": 2, "num_partial_branches": 0, "covered_branches": 2, "missing_branches": 0, "percent_branches_covered": 100.0, "percent_branches_covered_display": "100"}, "missing_lines": [], "excluded_lines": [], "start_line": 133, "executed_branches": [[145, 146], [145, 151]], "missing_branches": []}, "LibreOfficeFileConverter.to_dict": {"executed_lines": [161], "summary": {"covered_lines": 1, "num_statements": 1, "percent_covered": 100.0, "percent_covered_display": "100", "missing_lines": 0, "excluded_lines": 0, "percent_statements_covered": 100.0, "percent_statements_covered_display": "100", "num_branches": 0, "num_partial_branches": 0, "covered_branches": 0, "missing_branches": 0, "percent_branches_covered": 100.0, "percent_branches_covered_display": "100"}, "missing_lines": [], "excluded_lines": [], "start_line": 154, "executed_branches": [], "missing_branches": []}, "LibreOfficeFileConverter.from_dict": {"executed_lines": [173], "summary": {"covered_lines": 1, "num_statements": 1, "percent_covered": 100.0, "percent_covered_display": "100", "missing_lines": 0, "excluded_lines": 0, "percent_statements_covered": 100.0, "percent_statements_covered_display": "100", "num_branches": 0, "num_partial_branches": 0, "covered_branches": 0, "missing_branches": 0, "percent_branches_covered": 100.0, "percent_branches_covered_display": "100"}, "missing_lines": [], "excluded_lines": [], "start_line": 164, "executed_branches": [], "missing_branches": []}, "LibreOfficeFileConverter._get_conversion_args": {"executed_lines": [190, 191, 194, 195, 196, 199, 203, 212], "summary": {"covered_lines": 8, "num_statements": 10, "percent_covered": 78.57142857142857, "percent_covered_display": "79", "missing_lines": 2, "excluded_lines": 0, "percent_statements_covered": 80.0, "percent_statements_covered_display": "80", "num_branches": 4, "num_partial_branches": 1, "covered_branches": 3, "missing_branches": 1, "percent_branches_covered": 75.0, "percent_branches_covered_display": "75"}, "missing_lines": [200, 201], "excluded_lines": [], "start_line": 175, "executed_branches": [[194, 195], [194, 199], [199, 203]], "missing_branches": [[199, 200]]}, "LibreOfficeFileConverter._validate_args": {"executed_lines": [226, 227, 233, 234, 236, 237, 238, 239, 241, 242, 243, 246], "summary": {"covered_lines": 12, "num_statements": 15, "percent_covered": 82.6086956521739, "percent_covered_display": "83", "missing_lines": 3, "excluded_lines": 0, "percent_statements_covered": 80.0, "percent_statements_covered_display": "80", "num_branches": 8, "num_partial_branches": 1, "covered_branches": 7, "missing_branches": 1, "percent_branches_covered": 87.5, "percent_branches_covered_display": "88"}, "missing_lines": [228, 229, 230], "excluded_lines": [], "start_line": 214, "executed_branches": [[227, 233], [233, 234], [233, 236], [236, 237], [236, 241], [241, -214], [241, 242]], "missing_branches": [[227, 228]]}, "LibreOfficeFileConverter._resolve_mime_type": {"executed_lines": [249, 250, 251, 252], "summary": {"covered_lines": 4, "num_statements": 4, "percent_covered": 100.0, "percent_covered_display": "100", "missing_lines": 0, "excluded_lines": 0, "percent_statements_covered": 100.0, "percent_statements_covered_display": "100", "num_branches": 2, "num_partial_branches": 0, "covered_branches": 2, "missing_branches": 0, "percent_branches_covered": 100.0, "percent_branches_covered_display": "100"}, "missing_lines": [], "excluded_lines": [], "start_line": 248, "executed_branches": [[250, 251], [250, 252]], "missing_branches": []}, "LibreOfficeFileConverter.run": {"executed_lines": [282, 283, 287, 288, 289, 291, 292, 293, 295, 296, 298, 299, 305, 307, 308, 310, 311, 318], "summary": {"covered_lines": 18, "num_statements": 20, "percent_covered": 88.46153846153847, "percent_covered_display": "88", "missing_lines": 2, "excluded_lines": 0, "percent_statements_covered": 90.0, "percent_statements_covered_display": "90", "num_branches": 6, "num_partial_branches": 1, "covered_branches": 5, "missing_branches": 1, "percent_branches_covered": 83.33333333333333, "percent_branches_covered_display": "83"}, "missing_lines": [284, 285], "excluded_lines": [], "start_line": 255, "executed_branches": [[283, 287], [289, 291], [289, 318], [291, 292], [291, 307]], "missing_branches": [[283, 284]]}, "LibreOfficeFileConverter.run_async": {"executed_lines": [350, 351, 355, 356, 357, 359, 360, 361, 363, 364, 366, 368, 369, 375, 377, 378, 380, 382, 384, 391], "summary": {"covered_lines": 20, "num_statements": 22, "percent_covered": 89.28571428571429, "percent_covered_display": "89", "missing_lines": 2, "excluded_lines": 0, "percent_statements_covered": 90.9090909090909, "percent_statements_covered_display": "91", "num_branches": 6, "num_partial_branches": 1, "covered_branches": 5, "missing_branches": 1, "percent_branches_covered": 83.33333333333333, "percent_branches_covered_display": "83"}, "missing_lines": [352, 353], "excluded_lines": [], "start_line": 321, "executed_branches": [[351, 355], [357, 359], [357, 391], [359, 360], [359, 377]], "missing_branches": [[351, 352]]}, "": {"executed_lines": [5, 6, 7, 8, 9, 10, 11, 12, 13, 15, 16, 17, 19, 40, 44, 45, 92, 110, 113, 133, 154, 163, 164, 175, 214, 248, 254, 255, 320, 321], "summary": {"covered_lines": 30, "num_statements": 30, "percent_covered": 100.0, "percent_covered_display": "100", "missing_lines": 0, "excluded_lines": 0, "percent_statements_covered": 100.0, "percent_statements_covered_display": "100", "num_branches": 0, "num_partial_branches": 0, "covered_branches": 0, "missing_branches": 0, "percent_branches_covered": 100.0, "percent_branches_covered_display": "100"}, "missing_lines": [], "excluded_lines": [], "start_line": 1, "executed_branches": [], "missing_branches": []}}, "classes": {"LibreOfficeFileConverterOutput": {"executed_lines": [], "summary": {"covered_lines": 0, "num_statements": 0, "percent_covered": 100.0, "percent_covered_display": "100", "missing_lines": 0,