{"coverage": 96.1038961038961, "raw_data": {"meta": {"format": 3, "version": "7.13.5", "timestamp": "2026-05-15T10:55:07.012251", "branch_coverage": true, "show_contexts": false}, "files": {"src/haystack_integrations/components/converters/docling/converter.py": {"executed_lines": [3, 4, 5, 6, 7, 8, 9, 10, 12, 13, 14, 15, 16, 17, 19, 20, 21, 23, 26, 33, 34, 36, 37, 39, 41, 42, 43, 44, 46, 49, 52, 53, 54, 57, 60, 61, 65, 66, 70, 72, 74, 75, 77, 80, 83, 85, 86, 87, 88, 89, 90, 92, 94, 97, 98, 101, 131, 132, 133, 134, 135, 136, 139, 140, 141, 142, 144, 146, 147, 151, 152, 157, 158, 159, 161, 171, 172, 183, 185, 186, 187, 189, 191, 192, 215, 216, 221, 222, 224, 225, 226, 228, 230, 231, 232, 233, 234, 236, 238, 239, 241, 242, 243, 244, 245, 251, 252, 253, 254, 258, 259, 260, 264, 269], "summary": {"covered_lines": 114, "num_statements": 118, "percent_covered": 96.1038961038961, "percent_covered_display": "96", "missing_lines": 4, "excluded_lines": 0, "percent_statements_covered": 96.61016949152543, "percent_statements_covered_display": "97", "num_branches": 36, "num_partial_branches": 2, "covered_branches": 34, "missing_branches": 2, "percent_branches_covered": 94.44444444444444, "percent_branches_covered_display": "94"}, "missing_lines": [63, 68, 266, 267], "excluded_lines": [], "executed_branches": [[36, 37], [36, 39], [41, 42], [41, 46], [43, 44], [43, 46], [88, 89], [88, 90], [140, 141], [140, 142], [146, 147], [146, 151], [151, 152], [151, 157], [158, 159], [158, 161], [186, 187], [186, 189], [215, 216], [215, 224], [221, 222], [224, 225], [224, 228], [231, 232], [231, 269], [232, 233], [232, 238], [241, 242], [241, 253], [243, 231], [243, 244], [253, 254], [253, 259], [259, 260]], "missing_branches": [[221, 224], [259, 266]], "functions": {"_bytestream_to_document_stream": {"executed_lines": [33, 34, 36, 37, 39, 41, 42, 43, 44, 46], "summary": {"covered_lines": 10, "num_statements": 10, "percent_covered": 100.0, "percent_covered_display": "100", "missing_lines": 0, "excluded_lines": 0, "percent_statements_covered": 100.0, "percent_statements_covered_display": "100", "num_branches": 6, "num_partial_branches": 0, "covered_branches": 6, "missing_branches": 0, "percent_branches_covered": 100.0, "percent_branches_covered_display": "100"}, "missing_lines": [], "excluded_lines": [], "start_line": 26, "executed_branches": [[36, 37], [36, 39], [41, 42], [41, 46], [43, 44], [43, 46]], "missing_branches": []}, "BaseMetaExtractor.extract_chunk_meta": {"executed_lines": [], "summary": {"covered_lines": 0, "num_statements": 1, "percent_covered": 0.0, "percent_covered_display": "0", "missing_lines": 1, "excluded_lines": 0, "percent_statements_covered": 0.0, "percent_statements_covered_display": "0", "num_branches": 0, "num_partial_branches": 0, "covered_branches": 0, "missing_branches": 0, "percent_branches_covered": 100.0, "percent_branches_covered_display": "100"}, "missing_lines": [63], "excluded_lines": [], "start_line": 61, "executed_branches": [], "missing_branches": []}, "BaseMetaExtractor.extract_dl_doc_meta": {"executed_lines": [], "summary": {"covered_lines": 0, "num_statements": 1, "percent_covered": 0.0, "percent_covered_display": "0", "missing_lines": 1, "excluded_lines": 0, "percent_statements_covered": 0.0, "percent_statements_covered_display": "0", "num_branches": 0, "num_partial_branches": 0, "covered_branches": 0, "missing_branches": 0, "percent_branches_covered": 100.0, "percent_branches_covered_display": "100"}, "missing_lines": [68], "excluded_lines": [], "start_line": 66, "executed_branches": [], "missing_branches": []}, "BaseMetaExtractor.to_dict": {"executed_lines": [72], "summary": {"covered_lines": 1, "num_statements": 1, "percent_covered": 100.0, "percent_covered_display": "100", "missing_lines": 0, "excluded_lines": 0, "percent_statements_covered": 100.0, "percent_statements_covered_display": "100", "num_branches": 0, "num_partial_branches": 0, "covered_branches": 0, "missing_branches": 0, "percent_branches_covered": 100.0, "percent_branches_covered_display": "100"}, "missing_lines": [], "excluded_lines": [], "start_line": 70, "executed_branches": [], "missing_branches": []}, "BaseMetaExtractor.from_dict": {"executed_lines": [77], "summary": {"covered_lines": 1, "num_statements": 1, "percent_covered": 100.0, "percent_covered_display": "100", "missing_lines": 0, "excluded_lines": 0, "percent_statements_covered": 100.0, "percent_statements_covered_display": "100", "num_branches": 0, "num_partial_branches": 0, "covered_branches": 0, "missing_branches": 0, "percent_branches_covered": 100.0, "percent_branches_covered_display": "100"}, "missing_lines": [], "excluded_lines": [], "start_line": 75, "executed_branches": [], "missing_branches": []}, "MetaExtractor.extract_chunk_meta": {"executed_lines": [85, 86, 87, 88, 89, 90], "summary": {"covered_lines": 6, "num_statements": 6, "percent_covered": 100.0, "percent_covered_display": "100", "missing_lines": 0, "excluded_lines": 0, "percent_statements_covered": 100.0, "percent_statements_covered_display": "100", "num_branches": 2, "num_partial_branches": 0, "covered_branches": 2, "missing_branches": 0, "percent_branches_covered": 100.0, "percent_branches_covered_display": "100"}, "missing_lines": [], "excluded_lines": [], "start_line": 83, "executed_branches": [[88, 89], [88, 90]], "missing_branches": []}, "MetaExtractor.extract_dl_doc_meta": {"executed_lines": [94], "summary": {"covered_lines": 1, "num_statements": 1, "percent_covered": 100.0, "percent_covered_display": "100", "missing_lines": 0, "excluded_lines": 0, "percent_statements_covered": 100.0, "percent_statements_covered_display": "100", "num_branches": 0, "num_partial_branches": 0, "covered_branches": 0, "missing_branches": 0, "percent_branches_covered": 100.0, "percent_branches_covered_display": "100"}, "missing_lines": [], "excluded_lines": [], "start_line": 92, "executed_branches": [], "missing_branches": []}, "DoclingConverter.__init__": {"executed_lines": [131, 132, 133, 134, 135, 136, 139, 140, 141, 142], "summary": {"covered_lines": 10, "num_statements": 10, "percent_covered": 100.0, "percent_covered_display": "100", "missing_lines": 0, "excluded_lines": 0, "percent_statements_covered": 100.0, "percent_statements_covered_display": "100", "num_branches": 2, "num_partial_branches": 0, "covered_branches": 2, "missing_branches": 0, "percent_branches_covered": 100.0, "percent_branches_covered_display": "100"}, "missing_lines": [], "excluded_lines": [], "start_line": 101, "executed_branches": [[140, 141], [140, 142]], "missing_branches": []}, "DoclingConverter.to_dict": {"executed_lines": [146, 147, 151, 152, 157, 158, 159, 161], "summary": {"covered_lines": 8, "num_statements": 8, "percent_covered": 100.0, "percent_covered_display": "100", "missing_lines": 0, "excluded_lines": 0, "percent_statements_covered": 100.0, "percent_statements_covered_display": "100", "num_branches": 6, "num_partial_branches": 0, "covered_branches": 6, "missing_branches": 0, "percent_branches_covered": 100.0, "percent_branches_covered_display": "100"}, "missing_lines": [], "excluded_lines": [], "start_line": 144, "executed_branches": [[146, 147], [146, 151], [151, 152], [151, 157], [158, 159], [158, 161]], "missing_branches": []}, "DoclingConverter.from_dict": {"executed_lines": [183, 185, 186, 187, 189], "summary": {"covered_lines": 5, "num_statements": 5, "percent_covered": 100.0, "percent_covered_display": "100", "missing_lines": 0, "excluded_lines": 0, "percent_statements_covered": 100.0, "percent_statements_covered_display": "100", "num_branches": 2, "num_partial_branches": 0, "covered_branches": 2, "missing_branches": 0, "percent_branches_covered": 100.0, "percent_branches_covered_display": "100"}, "missing_lines": [], "excluded_lines": [], "start_line": 172, "executed_branches": [[186, 187], [186, 189]], "missing_branches": []},