{"coverage": 93.52941176470588, "raw_data": {"meta": {"format": 3, "version": "7.14.3", "timestamp": "2026-07-08T13:26:39.358749", "branch_coverage": true, "show_contexts": false}, "files": {"src/haystack_integrations/components/converters/docling/converter.py": {"executed_lines": [3, 4, 5, 6, 7, 8, 9, 10, 12, 13, 14, 15, 16, 17, 19, 20, 21, 23, 26, 33, 34, 36, 37, 39, 41, 42, 43, 44, 46, 49, 52, 53, 54, 57, 60, 61, 65, 66, 70, 72, 74, 75, 77, 80, 83, 85, 86, 87, 88, 89, 90, 92, 94, 97, 98, 101, 131, 132, 133, 134, 135, 136, 140, 141, 142, 143, 145, 151, 153, 155, 157, 159, 160, 164, 165, 170, 171, 172, 174, 184, 185, 196, 198, 199, 200, 204, 205, 207, 209, 210, 233, 234, 239, 240, 242, 243, 244, 246, 247, 249, 251, 252, 253, 254, 255, 257, 259, 260, 262, 263, 264, 265, 266, 272, 273, 274, 275, 279, 280, 281, 285, 290], "summary": {"covered_lines": 122, "num_statements": 128, "percent_covered": 93.52941176470588, "percent_covered_display": "94", "missing_lines": 6, "excluded_lines": 0, "percent_statements_covered": 95.3125, "percent_statements_covered_display": "95", "num_branches": 42, "num_partial_branches": 5, "covered_branches": 37, "missing_branches": 5, "percent_branches_covered": 88.0952380952381, "percent_branches_covered_display": "88"}, "missing_lines": [63, 68, 152, 154, 287, 288], "excluded_lines": [], "executed_branches": [[36, 37], [36, 39], [41, 42], [41, 46], [43, 44], [43, 46], [88, 89], [88, 90], [151, 153], [153, 155], [159, 160], [159, 164], [164, 165], [164, 170], [171, 172], [171, 174], [199, 200], [199, 207], [200, 204], [200, 205], [233, 234], [233, 242], [239, 240], [242, 243], [242, 246], [246, 247], [252, 253], [252, 290], [253, 254], [253, 259], [262, 263], [262, 274], [264, 252], [264, 265], [274, 275], [274, 280], [280, 281]], "missing_branches": [[151, 152], [153, 154], [239, 242], [246, 249], [280, 287]], "functions": {"_bytestream_to_document_stream": {"executed_lines": [33, 34, 36, 37, 39, 41, 42, 43, 44, 46], "summary": {"covered_lines": 10, "num_statements": 10, "percent_covered": 100.0, "percent_covered_display": "100", "missing_lines": 0, "excluded_lines": 0, "percent_statements_covered": 100.0, "percent_statements_covered_display": "100", "num_branches": 6, "num_partial_branches": 0, "covered_branches": 6, "missing_branches": 0, "percent_branches_covered": 100.0, "percent_branches_covered_display": "100"}, "missing_lines": [], "excluded_lines": [], "start_line": 26, "executed_branches": [[36, 37], [36, 39], [41, 42], [41, 46], [43, 44], [43, 46]], "missing_branches": []}, "BaseMetaExtractor.extract_chunk_meta": {"executed_lines": [], "summary": {"covered_lines": 0, "num_statements": 1, "percent_covered": 0.0, "percent_covered_display": "0", "missing_lines": 1, "excluded_lines": 0, "percent_statements_covered": 0.0, "percent_statements_covered_display": "0", "num_branches": 0, "num_partial_branches": 0, "covered_branches": 0, "missing_branches": 0, "percent_branches_covered": 100.0, "percent_branches_covered_display": "100"}, "missing_lines": [63], "excluded_lines": [], "start_line": 61, "executed_branches": [], "missing_branches": []}, "BaseMetaExtractor.extract_dl_doc_meta": {"executed_lines": [], "summary": {"covered_lines": 0, "num_statements": 1, "percent_covered": 0.0, "percent_covered_display": "0", "missing_lines": 1, "excluded_lines": 0, "percent_statements_covered": 0.0, "percent_statements_covered_display": "0", "num_branches": 0, "num_partial_branches": 0, "covered_branches": 0, "missing_branches": 0, "percent_branches_covered": 100.0, "percent_branches_covered_display": "100"}, "missing_lines": [68], "excluded_lines": [], "start_line": 66, "executed_branches": [], "missing_branches": []}, "BaseMetaExtractor.to_dict": {"executed_lines": [72], "summary": {"covered_lines": 1, "num_statements": 1, "percent_covered": 100.0, "percent_covered_display": "100", "missing_lines": 0, "excluded_lines": 0, "percent_statements_covered": 100.0, "percent_statements_covered_display": "100", "num_branches": 0, "num_partial_branches": 0, "covered_branches": 0, "missing_branches": 0, "percent_branches_covered": 100.0, "percent_branches_covered_display": "100"}, "missing_lines": [], "excluded_lines": [], "start_line": 70, "executed_branches": [], "missing_branches": []}, "BaseMetaExtractor.from_dict": {"executed_lines": [77], "summary": {"covered_lines": 1, "num_statements": 1, "percent_covered": 100.0, "percent_covered_display": "100", "missing_lines": 0, "excluded_lines": 0, "percent_statements_covered": 100.0, "percent_statements_covered_display": "100", "num_branches": 0, "num_partial_branches": 0, "covered_branches": 0, "missing_branches": 0, "percent_branches_covered": 100.0, "percent_branches_covered_display": "100"}, "missing_lines": [], "excluded_lines": [], "start_line": 75, "executed_branches": [], "missing_branches": []}, "MetaExtractor.extract_chunk_meta": {"executed_lines": [85, 86, 87, 88, 89, 90], "summary": {"covered_lines": 6, "num_statements": 6, "percent_covered": 100.0, "percent_covered_display": "100", "missing_lines": 0, "excluded_lines": 0, "percent_statements_covered": 100.0, "percent_statements_covered_display": "100", "num_branches": 2, "num_partial_branches": 0, "covered_branches": 2, "missing_branches": 0, "percent_branches_covered": 100.0, "percent_branches_covered_display": "100"}, "missing_lines": [], "excluded_lines": [], "start_line": 83, "executed_branches": [[88, 89], [88, 90]], "missing_branches": []}, "MetaExtractor.extract_dl_doc_meta": {"executed_lines": [94], "summary": {"covered_lines": 1, "num_statements": 1, "percent_covered": 100.0, "percent_covered_display": "100", "missing_lines": 0, "excluded_lines": 0, "percent_statements_covered": 100.0, "percent_statements_covered_display": "100", "num_branches": 0, "num_partial_branches": 0, "covered_branches": 0, "missing_branches": 0, "percent_branches_covered": 100.0, "percent_branches_covered_display": "100"}, "missing_lines": [], "excluded_lines": [], "start_line": 92, "executed_branches": [], "missing_branches": []}, "DoclingConverter.__init__": {"executed_lines": [131, 132, 133, 134, 135, 136, 140, 141, 142, 143], "summary": {"covered_lines": 10, "num_statements": 10, "percent_covered": 100.0, "percent_covered_display": "100", "missing_lines": 0, "excluded_lines": 0, "percent_statements_covered": 100.0, "percent_statements_covered_display": "100", "num_branches": 0, "num_partial_branches": 0, "covered_branches": 0, "missing_branches": 0, "percent_branches_covered": 100.0, "percent_branches_covered_display": "100"}, "missing_lines": [], "excluded_lines": [], "start_line": 101, "executed_branches": [], "missing_branches": []}, "DoclingConverter.warm_up": {"executed_lines": [151, 153, 155], "summary": {"covered_lines": 3, "num_statements": 5, "percent_covered": 55.55555555555556, "percent_covered_display": "56", "missing_lines": 2, "excluded_lines": 0, "percent_statements_covered": 60.0, "percent_statements_covered_display": "60", "num_branches": 4, "num_partial_branches": 2, "covered_branches": 2, "missing_branches": 2, "percent_branches_covered": 50.0, "percent_branches_covered_display": "50"}, "missing_lines": [152, 154], "excluded_lines": [], "start_line": 145, "executed_branches": [[151, 153], [153, 155]], "missing_branches": [[151, 152], [153, 154]]}, "DoclingConverter.to_dict": {"executed_lines": [159, 160, 164, 165, 170, 171, 172, 174], "summary": {"covered_lines": 8, "num_statements": 8, "percent_covered": 100.0, "percent_covered_display": "100", "missing_lines": 0, "excluded_lines": 0, "percent_statements_covered": 100.0, "percent_statements_covered_display": "100", "num_branches": 6, "num_partial_branches": 0, "covered_branches": 6, "missing_branches": 0, "percent_branches_covered": 100.0, "percent_branches_covered_display": "100"}, "missing_lines": [], "excluded_lines": [], "start_line": 157, "executed_branches": [[159, 160], [159, 164], [164, 165], [164, 170], [171, 172], [171, 174]], "missing_branches": []},